Skeleton ID,Provenience,Bone,Side,Number of Pieces,Total Percent Present,Part Present,Measurement 1,Measurement 2,Measurement 3,Measurement 4,Measurement 5,Age Range,Age Based On,Sex,Sex Based On,Pathology 1,Pathology 2,Pathology 3,Possibly a Match With,Notes,Date Examined
"ET69-001","T69, 18/7/06","parietal","Right",3,"50-75%",,,,,,,"Adult","Size",,,,,,,,"07/04/07 00:00:00"
"ET69-003","T69, 18/7/06","tibia","Unknown",1,"25-50%","Shaft",,,,,,"Subadult","Size",,,,,,,,"07/04/07 00:00:00"
"ET68-001","T.68, Riemp. Interno Cappuccina","humerus","Left",1,"25-50%","Distal","EPICBRTH 58.85",,,,,"15-20","Epiphyseal Closure",,,,,,"ET68-002, 004","Bone is large but missing the medial epicondyle epiphysis.","07/05/07 00:00:00"
"ET68-002","T.68, Riemp. Interno Cappuccina","scapula","Left",1,"0-25%","glenoid fossa",,,,,,"15-20","Epiphyseal Closure",,,,,,"ET68-001, 004","Glenoid fossa epiphysis is not yet fused, but this bone is quite large.","07/05/07 00:00:00"
"ET68-003","T.68, Riemp. Interno Cappuccina","os coxae","Left",1,"0-25%","anterior spines, acetabulum",,,,,,"Adult","Epiphyseal Closure",,,,,,,,"07/05/07 00:00:00"
"ET68-004","T.68, Riemp. Interno Cappuccina","os coxae","Left",1,"0-25%","auricular surface",,,,,,"15-20","Epiphyseal Closure",,,,,,"ET68-001, ET68-002",,"07/05/07 00:00:00"
"ET68-005","T.68, Riemp. Interno Cappuccina","MC2","Left",1,"0-25%","Distal",,,,,,"Adult","Size",,,,,,,,"07/05/07 00:00:00"
"ET68-006","T.68, Riemp. Interno Cappuccina","lesser multangular","Left",1,"100%",,,,,,,,,,,,,,,"Unknown if adult or not; is rather small.","07/05/07 00:00:00"
"ET68-007","T.68, Riemp. Interno Cappuccina","clavicle","Right",1,"50-75%","lateral",,,,,,"Adult","Size",,,,,,,,"07/05/07 00:00:00"
"ET68-008","T.68, Riemp. Interno Cappuccina","scapula","Right",1,"0-25%","acromion process",,,,,,,,,,,,,,,"07/05/07 00:00:00"
"ET68-009","T.68, Riemp. Interno Cappuccina","humerus","Right",1,"0-25%","Distal",,,,,,,,,,,,,"ET68-001","Similar in morphology to ET68-001, the L humerus.","07/05/07 00:00:00"
"ET68-010","T.68, Riemp. Interno Cappuccina","fibula","Right",1,"0-25%","Distal",,,,,,"Adult","Epiphyseal Closure",,,,,,,,"07/05/07 00:00:00"
"ET68-011","T.68, Riemp. Interno Cappuccina","greater multangular","Right",1,"100%",,,,,,,"Adult","Size",,,"slight lipping of articular surface (scaphoid?)",,,,,"07/05/07 00:00:00"
"ET68-012","T.68, Riemp. Interno Cappuccina","calcaneus","Right",2,"50-75%","medial",,,,,,"Adult","Size",,,,,,"ET70","This could go with ET70, as it's the right size and appears to match well enough with the cuboid and talus from ET70.","07/05/07 00:00:00"
"ET68-013","T.68, Riemp. Interno Cappuccina","radius","Right",2,"50-75%","Shaft",,,,,,"0-5","Size",,,,,,,"Radius shaft from a child around 1.5-3 years old.","07/05/07 00:00:00"
"ET68-014","T.68, Riemp. Interno Cappuccina","L vertebra",,1,"50-75%",,,,,,,"15-20","Epiphyseal Closure",,,,,,"ET68-001, 002, 004, etc.",,"07/05/07 00:00:00"
"ET68-015","T.68, Riemp. Interno Cappuccina","L vertebra",,3,"50-75%",,,,,,,"Adult","Epiphyseal Closure",,,,,,,,"07/05/07 00:00:00"
"ET68-016","T.68, Riemp. Interno Cappuccina","MT","Unknown",1,"50-75%","Distal",,,,,,"Adult","Size",,,,,,,,"07/05/07 00:00:00"
"ET68-017","T.68, Riemp. Interno Cappuccina","MC1","Unknown",1,"0-25%","Distal",,,,,,"Adult","Epiphyseal Closure",,,,,,,,"07/05/07 00:00:00"
"ET68-018","T.68, Riemp. Interno Cappuccina","radius","Unknown",3,"0-25%","Proximal",,,,,,"15-20","Epiphyseal Closure",,,,,,"ET68-001, 002, 004, etc.","Large proximal radius missing the epiphysis at the head.","07/05/07 00:00:00"
"ET68-019","T.68, Riemp. Interno Cappuccina","ribs","Unknown",6,"0-25%","Shaft",,,,,,"Adult","Size",,,,,,,,"07/05/07 00:00:00"
"US36-001","Area AI, US 36, 24/10/00","scapula","Right",1,"75-100%",,"SCAPHT 32.5",,,,,"0-5","Size",,,,,,,"Probably newborn-1 year old based on size.  One photograph taken.","03/23/07 00:00:00"
"US36-002","Area AI, US 36, 24/10/00","parietal","Left",1,"25-50%",,"HT 110.8",,,,,"5-10","Size",,,,,,"US36-003 and US36-004",,"03/23/07 00:00:00"
"US36-003","Area AI, US 36, 24/10/00","parietal","Right",4,"25-50%",,,,,,,"5-10","Size",,,,,,"US36-002 and US36-004",,"03/23/07 00:00:00"
"US36-004","Area AI, US 36, 24/10/00","occipital",,1,"50-75%",,,,,,,"5-10","Size",,,,,,"US36-002 and US36-003",,"03/23/07 00:00:00"
"US36-005","Area AI, US36, 24/10/00","femur","Left",1,"25-50%","Distal","APMIDDIAM 23.00","MLMIDDIAM 25.11","FEMMIDCIR 75",,,"Adult",,"PM","Fordisc",,,,"US36-006, US36-007, US36-008",,"03/23/07 00:00:00"
"US36-006","Area AI, US36, 24/10/00","tibia","Right",1,"25-50%","Proximal","PROXEPBR 81.04","XDIANUTFOR 40.25","MLDIANUTFOR 29.05","CIRCNUTFOR 103",,"Adult",,"PM","Size of prox tibia",,,,"US36-005, US36-007, US36-008",,"03/23/07 00:00:00"
"US36-007","Area AI, US36, 24/10/00","calcaneus","Right",1,"50-75%",,,,,,,"Adult",,,,"osteophytes",,,"US36-005, US36-006, US36-008",,"03/23/07 00:00:00"
"US36-008","Area AI, US36, 24/10/00","MT1","Right",1,"75-100%",,,,,,,"Adult","Epiphyseal Closure",,,,,,"US36-005, US36-006, US36-007",,"03/23/07 00:00:00"
"US36-009","Area AI, US36, 14/09/00","mandible","Left",1,"0-25%","ascending ramus","MINBR 30.5","MAXBR 39.89",,,,"Subadult","Size",,,,,,,,"04/19/07 00:00:00"
"US36-010","Area AI, US36, Nicchia 1, 13/09/00","humerus","Left",1,"25-50%","Proximal","HEADDIAM 39.63",,,,,"Adult","Epiphyseal Closure","PF","Size of humeral head",,,,"US36C","Bagged with US36C, but unclear if an association exists.","04/19/07 00:00:00"
"US36-011","US36, 30/08/07 - 14/09/00","fibula","Unknown",1,"25-50%","Shaft","MAXDIAM 14.28",,,,,"Adult","Size",,,,,,,,"04/19/07 00:00:00"
"US36-012","US36, 30/08/07 - 14/09/00","scapula","Unknown",2,"0-25%","glenoid fossa and spine",,,,,,"Adult","Size",,,,,,,,"04/19/07 00:00:00"
"US36-013","US36, 30/08/07 - 14/09/00","calcaneus","Right",1,"75-100%",,,,,,,"Adult","Size",,,,,,,,"04/19/07 00:00:00"
"US36-014","US36, 30/08/07 - 14/09/00","MT2-4","Left",1,"100%",,,,,,,"Adult","Size",,,,,,,,"04/19/07 00:00:00"
"US36-015","US36, 30/08/07 - 14/09/00","MT2-4","Right",1,"100%",,,,,,,"Adult","Size",,,,,,,,"04/19/07 00:00:00"
"US36-016","US36, 30/08/07 - 14/09/00","MT1","Left",1,"100%",,,,,,,"Adult","Size",,,,,,,,"04/19/07 00:00:00"
"US36-017","US36, 30/08/07 - 14/09/00","MC1","Left",1,"100%",,,,,,,"Adult","Size",,,"osteophytes, distal",,,,,"04/19/07 00:00:00"
"US36-018","US36, 30/08/07 - 14/09/00","MC5","Right",1,"0-25%","Proximal",,,,,,"Adult","Epiphyseal Closure",,,,,,,,"04/19/07 00:00:00"
"US36-019","US36, 30/08/07 - 14/09/00","T11",,1,"100%",,,,,,,"Adult","Size",,,"DISH, L body","Schmorl's node, inferior body",,,"See photographs under US36.","04/19/07 00:00:00"
"US36-020","US36, 30/08/07 - 14/09/00","L vert",,1,"50-75%","body",,,,,,"Adult","Size",,,"lipping",,,,"See photograph under US36.","04/19/07 00:00:00"
"US36-021","US36, 30/08/07 - 14/09/00","rib 2","Left",1,"25-50%","posterior",,,,,,"Adult","Size",,,,,,,,"04/19/07 00:00:00"
"US36-022","US36, 30/08/07 - 14/09/00","rib 3-10","Right",1,"25-50%","posterior",,,,,,"Adult","Size",,,,,,,,"04/19/07 00:00:00"
"US36-023","US36, 30/08/07 - 14/09/00","rib 3-10","Right",1,"0-25%","posterior",,,,,,"Adult","Size",,,,,,,,"04/19/07 00:00:00"
"US36-024","US36, 30/08/07 - 14/09/00","rib 3-10","Right",1,"0-25%","posterior",,,,,,"Adult","Size",,,,,,,,"04/19/07 00:00:00"
"US36-025","US36, 30/08/07 - 14/09/00","rib 3-10","Right",1,"0-25%","posterior",,,,,,"Adult","Size",,,,,,,,"04/19/07 00:00:00"
"US36-026","US36, 30/08/07 - 14/09/00","rib 3-10","Unknown",1,"50-75%","Shaft",,,,,,"Adult","Size",,,,,,,,"04/19/07 00:00:00"
"US36-027","US36, 30/08/07 - 14/09/00","rib 3-10","Unknown",1,"25-50%","Shaft",,,,,,"Adult","Size",,,,,,,,"04/19/07 00:00:00"
"US36-028","US36, 30/08/07 - 14/09/00","rib 3-10","Unknown",1,"50-75%","anterior and shaft",,,,,,"Young Adult","Size",,,,,,,,"04/19/07 00:00:00"
"ET49-003","T.49, varie, riempimiento","humerus","Left",1,"0-25%","head","MAXHDDIAM = 45.62",,,,,,,,,,,,,,"08/02/07 00:00:00"
"ET49-004","T.49, varie, riempimiento","tibia","Left",1,"0-25%","Proximal",,,,,,,,,,,,,,"Fragment of proximal tibia.","08/02/07 00:00:00"
"ET49-005","T.49, varie, riempimiento","tibia","Right",2,"25-50%","Proximal","PROXEPBR = 81.81","MAXNUTDIAM = 34.00","MLNUTFOR = 21.11","CIRCUMNF = 86",,"Adult","Size",,,,,,,,"08/02/07 00:00:00"
"ET49-006","T.49, varie, riempimiento","vertebrae",,6,"25-50%",,,,,,,"Adult","Size",,,,,,,"5 fragments of T verts, one frag of L vert.","08/02/07 00:00:00"
"ET49-007","T.49, varie, riempimiento","MC2","Left",1,"75-100%",,,,,,,"Adult","Size",,,,,,,,"08/02/07 00:00:00"
"ET49-008","T.49, varie, riempimiento","hand phalanges",,7,"100%",,,,,,,"Adult","Size",,,,,,,"Present include 5 proximal and 2 intermediate hand phalanges.","08/02/07 00:00:00"
"ET49-009","T.49, varie, riempimiento","MT",,1,"25-50%","Distal",,,,,,"Adult","Size",,,,,,,"Unsure which MT this is, but it's not 1 or 5.","08/02/07 00:00:00"
"ET49-010","T.49, varie, riempimiento","ribs",,4,"0-25%",,,,,,,"Adult","Size",,,,,,,,"08/02/07 00:00:00"
"ET49-011","T.49, varie, riempimiento","femur","Unknown",1,"25-50%","Shaft",,,,,,"Adult","Size",,,,,,,,"08/02/07 00:00:00"
"ET49-012","T.49, varie, riempimiento","fibula","Unknown",1,"25-50%","Shaft",,,,,,"Adult","Size",,,,,,,,"08/02/07 00:00:00"
"ET22-001","T.22, 2005","cranium",,1,"0-25%",,,,,,,,,,,,,,,"Parietal fragment.","08/23/07 00:00:00"
"ET22-002","T.22, 2005","clavicle","Left",2,"75-100%",,,,,,,"Adult","Size",,,,,,,,"08/23/07 00:00:00"
"ET22-003","T.22, 2005","humerus","Left",2,"50-75%","Proximal",,,,,,"Adult","Size",,,,,,,,"08/23/07 00:00:00"
"ET22-004","T.22, 2005","scapula","Left",1,"25-50%",,,,,,,"Adult","Size",,,,,,,,"08/23/07 00:00:00"
"ET22-005","T.22, 2005","MC1","Right",1,"100%",,,,,,,"Adult","Size",,,,,,,,"08/23/07 00:00:00"
"ET22-006","T.22, 2005","MT4","Right",1,"75-100%",,,,,,,"Adult","Size",,,,,,,,"08/23/07 00:00:00"
"ET22-007","T.22, 2005","MT1","Right",1,"100%",,,,,,,"Adult","Size",,,,,,,,"08/23/07 00:00:00"
"ET22-008","T.22, 2005","foot phalanges","Unknown",2,"100%",,,,,,,"Adult","Size",,,,,,,"One first proximal phalanx, one proximal phalanx.","08/23/07 00:00:00"
"ET22-009","T.22, 2005","metatarsal","Unknown",1,"75-100%",,,,,,,"Adult","Size",,,,,,,,"08/23/07 00:00:00"
"ET22-010","T.22, 2005","ribs","Unknown",30,"0-25%","Shaft",,,,,,"Adult","Size",,,,,,,,"08/23/07 00:00:00"
"ET16-001","Tomba 16, 2005","humerus","Left",1,"0-25%","Proximal",,,,,,"Adult","Size",,,,,,,,"08/29/07 00:00:00"
"ET77-001","T.77, 31/7/06","radius","Unknown",1,"75-100%","Shaft",,,,,,"Subadult","Size",,,,,,,,"09/05/07 00:00:00"
"ET16",,,,0,,,,,,,,,,,,,,,,,
"ET17",,,,0,,,,,,,,,,,,,,,,,
"ET18",,,,0,,,,,,,,,,,,,,,,,
"ET20",,,,0,,,,,,,,,,,,,,,,,
"US36-029","US36, 30/08/07 - 14/09/00","rib 3-10","Unknown",1,"0-25%","Shaft",,,,,,"Adult","Size",,,,,,,,"04/19/07 00:00:00"
"US36-030","US36, 30/08/07 - 14/09/00","clavicle","Right",1,"100%",,"MAXLN 142.90","APDIAM 13.13","SIDIAM 11.16",,,"Adult","Size","PM","Fordisc",,,,,"Significant ridge of bone inferiorly.  Probably an enthesopathy.  See photo.","04/19/07 00:00:00"
"US36-031","US36, 30/08/07 - 14/09/00","clavicle","Right",1,"75-100%","missing medial epiphysis","APDIAM 12.85","SIDIAM 10.18",,,,"Adult","Size","PM","Fordisc","osteophytes, inferior-lateral",,,,"See photo.","04/19/07 00:00:00"
"US36-032","US36, 30/08/07 - 14/09/00","clavicle","Right",2,"100%",,"APDIAM 13.98","SIDIAM 8.95",,,,"Adult","Size","PM","Fordisc","osteophytes, superior-lateral",,,,"See photo.","04/19/07 00:00:00"
"US36-033","US36, 30/08/07 - 14/09/00","radius","Left",1,"25-50%","Distal",,,,,,"Adult","Size",,,,,,,,"04/19/07 00:00:00"
"US36-034","US36, 30/08/07 - 14/09/00","radius","Right",1,"25-50%","Proximal",,,,,,"Adult","Size",,,,,,,,"04/19/07 00:00:00"
"US36-035","US36, 30/08/07 - 14/09/00","radius","Unknown",1,"0-25%","Proximal",,,,,,"Adult","Size",,,"osteophytes, radial tuberosity",,,,,"04/19/07 00:00:00"
"US36-036","US36, 30/08/07 - 14/09/00","ulna","Left",1,"100%",,"MAXLN 249","APDIAM 12.21","MLDIAM 11.93","CIRCUM 40",,"Adult","Size","PF","Fordisc",,,,,"Height = 65"" +/- 3","04/19/07 00:00:00"
"US36-037","US36, 30/08/07 - 14/09/00","ulna","Right",1,"25-50%","Proximal",,,,,,"5-10","Size",,,,,,,,"04/19/07 00:00:00"
"US36-038","US36, 30/08/07 - 14/09/00","parietal","Left",2,"75-100%",,,,,,,"Adult","Size",,,,,,"US36-039","Parietal foramen present.","04/19/07 00:00:00"
"US36-039","US36, 30/08/07 - 14/09/00","temporal","Left",1,"100%",,"MASTHT 32.61",,,,,"Adult","Size","PM","Fordisc",,,,"US36-038","No exostoses.","04/19/07 00:00:00"
"US36-040","US36, 30/08/07 - 14/09/00","parietal","Left",2,"25-50%",,,,,,,"Adult","Size",,,,,,,,"04/19/07 00:00:00"
"US36-041","US36, 30/08/07 - 14/09/00","parietal","Right",1,"0-25%","squamosal suture",,,,,,"Adult","Size",,,,,,"US36-042",,"04/19/07 00:00:00"
"US36-042","US36, 30/08/07 - 14/09/00","parietal","Unknown",1,"0-25%",,,,,,,"Adult","Size",,,,,,"US36-041",,"04/19/07 00:00:00"
"US36-043","US36, 30/08/07 - 14/09/00","humerus","Left",1,"50-75%","Distal","EPIBR 60.26","MAXDIAM 21.69","MINDIAM 19.10",,,"Adult","Size","PM","Size of distal humerus",,,,,,"04/19/07 00:00:00"
"US36-044","US36, 30/08/07 - 14/09/00","humerus","Left",1,"25-50%","Proximal","HEADDIAM 47.28",,,,,"Adult","Size","PM","Fordisc",,,,,,"04/19/07 00:00:00"
"US36-045","US36, 30/08/07 - 14/09/00","humerus","Left",1,"0-25%","Proximal","HEADDIAM 44.51",,,,,"Adult","Size","U","Fordisc",,,,,,"04/19/07 00:00:00"
"US36-046","US36, 30/08/07 - 14/09/00","humerus","Right",1,"0-25%","Distal","EPICBR 59.43",,,,,"Adult","Size","PF","Size of distal humerus",,,,,,"04/19/07 00:00:00"
"US36-047","US36, 30/08/07 - 14/09/00","humerus","Right",2,"75-100%","missing head","MAXDIAMMID 23.58","MINDIAMMID 18.41","EPICBR 60.77",,,"Adult","Size","PM","Size of distal humerus",,,,,,"04/19/07 00:00:00"
"US36-048","US36, 30/08/07 - 14/09/00","humerus","Right",1,"50-75%","Shaft","MAXDIAM 22.04","MIDDIAM 18.41",,,,"Adult","Size","PM","Fordisc",,,,,,"04/19/07 00:00:00"
"US36-049","US36, 30/08/07 - 14/09/00","humerus","Unknown",1,"25-50%","Shaft","MAXDIAM 19.69","MINDIAM 17.20",,,,"Adult","Size","PF","Fordisc",,,,,,"04/19/07 00:00:00"
"US36-050","US36, 30/08/07 - 14/09/00","os coxae","Right",1,"0-25%","ischium",,,,,,"Adult","Size",,,,,,,,"04/19/07 00:00:00"
"US36-051","US36, 30/08/07 - 14/09/00","os coxae","Right",1,"25-50%","acetabulum",,,,,,"Adult","Size",,,,,,,,"04/19/07 00:00:00"
"US36-052","US36, 30/08/07 - 14/09/00","os coxae","Right",1,"50-75%","ilium",,,,,,"31-40","Auricular Surface","PM","Visual pelvis assessment",,,,,,"04/19/07 00:00:00"
"US36-053","US36, 30/08/07 - 14/09/00","os coxae","Right",1,"100%",,"OSCOXHT 197","ILBRDTH 142","ISCHLNG 70.29","PUBLNG 78.37",,"15-20","Epiphyseal Closure","PM","Phenice method",,,,,,"04/19/07 00:00:00"
"US36-054","US36, 30/08/07 - 14/09/00","os coxae","Left",1,"0-25%","ilium",,,,,,"31-40","Auricular Surface","U","Visual pelvis assessment",,,,,,"04/19/07 00:00:00"
"US36-055","US36, 30/08/07 - 14/09/00","os coxae","Left",1,"0-25%","ilium",,,,,,"21-30","Auricular Surface","U","Visual pelvis assessment",,,,,,"04/19/07 00:00:00"
"US36-056","US36, 30/08/07 - 14/09/00","os coxae","Left",1,"25-50%","ilium",,,,,,"31-40","Auricular Surface","U","Visual pelvis assessment",,,,,,"04/19/07 00:00:00"
"US36-057","US36, 30/08/07 - 14/09/00","os coxae","Left",1,"25-50%","acetabulum",,,,,,"Adult","Size","U","Visual pelvis assessment","porosity, superior acetabulum",,,,,"04/19/07 00:00:00"
"US36-058","US36, 30/08/07 - 14/09/00","tibia","Left",2,"25-50%","Proximal","EPICBR 67.31",,,,,"Adult","Size","PF","Size of prox tibia",,,,"US36-059",,"04/19/07 00:00:00"
"US36-059","US36, 30/08/07 - 14/09/00","tibia","Left",1,"0-25%","Distal","DISTBR 45.62",,,,,"Adult","Size","PF","Size of prox tibia",,,,"US36-058","US36-058 and 059 could be from the same tibia, missing a chunk in the distal shaft area to connect them.  The size, shape, and appearance of the fragments are very similar.","04/19/07 00:00:00"
"US36-060","US36, 30/08/07 - 14/09/00","tibia","Left",1,"25-50%","Shaft",,,,,,"Adult","Size",,,,,,,,"04/19/07 00:00:00"
"US36-061","US36, 30/08/07 - 14/09/00","tibia","Left",1,"25-50%","Shaft",,,,,,"Adult","Size",,,,,,,,"04/19/07 00:00:00"
"US36-062","US36, 30/08/07 - 14/09/00","tibia","Right",1,"50-75%","Proximal","MAXNUTFOR 29.99","MLNUTFOR 23.46","CIRCNUTFOR 77",,,"Adult","Size","PF","Fordisc",,,,,,"04/19/07 00:00:00"
"US36-063","US36, 30/08/07 - 14/09/00","tibia","Right",1,"50-75%","Proximal","PROXBR 71.95","MAXNUTFOR 36.40","MLNUTFOR 27.02","CIRCNUTFOR 97",,"Adult","Size","PF","Size of prox tibia",,,,,"Enthesopathies on posterior surface of proximal shaft.","04/19/07 00:00:00"
"US36-064","US36, 30/08/07 - 14/09/00","tibia","Right",1,"25-50%","Shaft","MAXNUTFOR 34.97","MLNUTFOR 23.28","CIRCNUTFOR 90",,,"Adult","Size","PM","Fordisc","periostitis, mild on medial shaft",,,,"See photo of periostitis.","04/19/07 00:00:00"
"US36-065","US36, 30/08/07 - 14/09/00","tibia","Right",1,"0-25%","Distal",,,,,,"5-10","Size",,,,,,,,"04/17/07 00:00:00"
"US36-066","US36, 30/08/07 - 14/09/00","femur","Left",1,"25-50%","Shaft","MIDCIRC 94",,,,,"Adult","Size","U",,,,,,,"04/19/07 00:00:00"
"US36-067","US36, 30/08/07 - 14/09/00","femur","Left",1,"50-75%","Proximal","HDDIAM 47.08","SUBTROAP 26.57","SUBTROML 33.28","MIDCIRC 85",,"Adult","Size","PM","Size of femoral head",,,,,,"04/19/07 00:00:00"
"US36-068","US36, 30/08/07 - 14/09/00","femur","Left",1,"50-75%","Proximal","APSUBTRO 26.51","MLSUBTRO 32.81","CIRCMID 85",,,"Adult","Size","PM","Fordisc",,,,,,"04/19/07 00:00:00"
"US36-069","US36, 30/08/07 - 14/09/00","femur","Left",1,"25-50%","Proximal",,,,,,"Adult","Size",,,,,,,,"04/19/07 00:00:00"
"US36-070","US36, 30/08/07 - 14/09/00","femur","Right",2,"100%",,"HDDIAM 46.76","APSUBTRO 26.00","MLSUBTRO 33.43","CIRCMID 86","DISTEPI 77.94","Adult","Size","PM","Size of femoral head",,,,,,"04/19/07 00:00:00"
"US36-071","US36, 30/08/07 - 14/09/00","femur","Right",1,"0-25%","Distal","EPIBR 89.13",,,,,"Adult","Size","PM","Fordisc",,,,,,"04/19/07 00:00:00"
"US36-072","US36, 30/08/07 - 14/09/00","femur","Right",1,"0-25%","Distal","EPICBR 82.98",,,,,"Adult","Size","PM","Fordisc",,,,,,"04/19/07 00:00:00"
"US36-073","US36, 30/08/07 - 14/09/00","femur","Right",1,"25-50%","Distal","EPICBR 72.46",,,,,"Adult","Size","PF","Fordisc","periostitis, distal medial posterior aspect",,,,"See photo.","04/19/07 00:00:00"
"US36-074","US36, 30/08/07 - 14/09/00","femur","Right",1,"50-75%","Shaft","APDIAMMID 29.25","MLDIAMMID 30.65","CIRCMID 90",,,"Adult","Size","PM","Fordisc",,,,,,"04/19/07 00:00:00"
"US36-075","US36, 30/08/07 - 14/09/00","femur","Right",1,"0-25%","Shaft",,,,,,"Adult","Size",,,,,,,,"04/19/07 00:00:00"
"US36-076","US36, 30/08/07 - 14/09/00","femur","Unknown",1,"0-25%","Shaft",,,,,,"Adult","Size",,,,,,,,"04/19/07 00:00:00"
"US36-077","US36, 30/08/07 - 14/09/00","femur","Left",2,"100%",,"MAXDIAMHD 39.95","SUBTROAP 23.72","SUBTROML 33.62","MIDCIRC 83","DISTEPBR 72.78","15-20","Epiphyseal Closure","F","Size of femoral head",,,,,"Distal epiphysis is fused, but there is still a line apparent at the femoral head.  Probably late teens, early 20s.  Size indicates female.  Significant muscle attachment proximal-lateral, just inferior to the greater trochanter.","04/20/07 00:00:00"
"US36-078","US36, 30/08/07 - 14/09/00","femur","Left",1,"25-50%","Proximal",,,,,,"5-10","Size",,,,,,,,"04/20/07 00:00:00"
"US36-079","US36, 30/08/07 - 14/09/00","femur","Left",1,"50-75%","Distal",,,,,,"10-15","Size",,,,,,"US36-081",,"04/20/07 00:00:00"
"US36-080","US36, 30/08/07 - 14/09/00","femur","Left",1,"50-75%","Shaft",,,,,,"10-15","Size",,,,,,,,"04/20/07 00:00:00"
"US36-081","US36, 30/08/07 - 14/09/00","femur","Right",1,"50-75%","Distal",,,,,,"10-15","Size",,,,,,"US36-079","081 and 079 could be a pair of distal femora.  They are the same size.","04/20/07 00:00:00"
"US36-082","US36, 30/08/07 - 14/09/00","femur","Right",1,"0-25%","Distal",,,,,,"10-15","Size",,,,,,,,"04/20/07 00:00:00"
"US36-083","US36, 30/08/07 - 14/09/00","femur","Right",1,"50-75%","Shaft",,,,,,"10-15","Size",,,,,,,,"04/20/07 00:00:00"
"US36-084","US36, 30/08/07 - 14/09/00","femur","Right",1,"75-100%","Distal",,,,,,"10-15","Size",,,,,,,,"04/20/07 00:00:00"
"US36-085","US36, 30/08/07 - 14/09/00","femur","Unknown",1,"25-50%","Shaft",,,,,,"Subadult","Size",,,,,,,,"04/20/07 00:00:00"
"US36-086","US36, 30/08/07 - 14/09/00","femur","Unknown",1,"0-25%","Proximal",,,,,,"Subadult","Size",,,,,,,,"04/20/07 00:00:00"
"F12-001","Area AI, F.12, US269, Strato sopra Ind A, 09/11/00","navicular","Left",1,"100%",,,,,,,"Adult","Size",,,"osteophytes, minor",,,,,"04/27/07 00:00:00"
"F12-002","Area AI, F.12, US269, Strato sopra Ind A, 09/11/00","talus","Right",1,"100%",,,,,,,"Adult","Size",,,,,,,,"04/27/07 00:00:00"
"F12-003","Area AI, F.12, US269, Strato sopra Ind A, 09/11/00","calcaneus","Left",1,"100%",,"MAXLNG 78.71","MIDBRTH 41.42",,,,"10-15","Epiphyseal Closure",,,,,,"F12-004","Calcaneal epiphysis is nearly fused, probably 12-15.","04/27/07 00:00:00"
"F12-004","Area AI, F.12, US269, Strato sopra Ind A, 09/11/00","MT1","Left",1,"100%",,,,,,,"10-15","Epiphyseal Closure",,,,,,"F12-003","Juvenile under about 15 years old.","04/27/07 00:00:00"
"F11-009","Area AI, Forma 11, Ind. A, US257, 10/11/00","cuboid","Left",1,"75-100%",,,,,,,"Unknown",,,,,,,"F11-006-8","Could be a subadult bone.  Hard to tell since it's fragmented.  About the same color as the other foot bones and relatively small.","05/16/07 00:00:00"
"F11-010","Area AI, Forma 11, Ind. A, US257, 10/11/00","1st cuneiform","Left",1,"100%",,,,,,,"Unknown",,,,,,,"F11-006-8","Could match the subadult foot bones, since it's small and about the same color, but it's unclear.","05/16/07 00:00:00"
"F10-001","Area AI, Forma 10, US140, 9/11/00,Non attribuibili","calcaneus","Left",1,"75-100%",,"MAXLNGTH 69.89","MIDBRTH 36.88",,,,"Adult","Size","F","Fordisc",,,,,,"05/17/07 00:00:00"
"F10-002","Area AI, Forma 10, US140, 9/11/00,Non attribuibili","cuboid","Left",1,"75-100%",,,,,,,"Adult","Size",,,,,,,,"05/17/07 00:00:00"
"F10-003","Area AI, Forma 10, US140, 9/11/00,Non attribuibili","C vert (3-7)",,1,"75-100%","Body",,,,,,"Adult","Size",,,,,,,,"05/17/07 00:00:00"
"F10-004","Area AI, Forma 10, US140, 9/11/00,Non attribuibili","zygomatic","Left",1,"75-100%",,,,,,,"Adult","Size",,,,,,,,"05/17/07 00:00:00"
"F10-005","Area AI, Forma 10, US140, 9/11/00,Non attribuibili","T vert",,1,"50-75%","arch",,,,,,"Adult","Size",,,,,,,,"05/17/07 00:00:00"
"F10-006","Area AI, Forma 10, US140, 9/11/00,Non attribuibili","ossified cartilage",,1,"100%",,,,,,,"Adult","Size",,,,,,,,"05/17/07 00:00:00"
"F10-007","Area AI, Forma 10, US140, 9/11/00,Non attribuibili","ischium","Unknown",1,"100%","epiphysis",,,,,,"Subadult","Epiphyseal Closure",,,,,,"F10B, C, D",,"05/17/07 00:00:00"
"F10-008","Area AI, Forma 10, US140, 9/11/00,Non attribuibili","T vert",,1,"50-75%","arch",,,,,,"Adult","Size",,,,,,,,"05/17/07 00:00:00"
"F10-009","Area AI, Forma 10, US140, 9/11/00,Non attribuibili","temporal","Left",1,"25-50%","petrous portion",,,,,,"Subadult","Size",,,,,,"F10-011",,"05/17/08 00:00:00"
"F10-010","Area AI, Forma 10, US140, 9/11/00,Non attribuibili","sphenoid",,1,"0-25%","wing",,,,,,"Adult","Size",,,,,,,,"05/17/07 00:00:00"
"F10-011","Area AI, Forma 10, US140, 9/11/00,Non attribuibili","temporal","Left",1,"0-25%","TMJ",,,,,,"Subadult","Size",,,,,,"F10-009",,"05/17/07 00:00:00"
"F10-012","Area AI, Forma 10, US140, 9/11/00,Non attribuibili","T vert","Right",2,"50-75%","arch",,,,,,"Subadult","Size",,,,,,"F10C",,"05/17/07 00:00:00"
"F10-013","Area AI, Forma 10, US140, 9/11/00,Non attribuibili","1st prox hand phalanx","Unknown",1,"25-50%","Distal",,,,,,"Adult","Size",,,,,,"F10A",,"05/17/07 00:00:00"
"F10-014","Area AI, Forma 10, US140, 9/11/00,Non attribuibili","ischium","Unknown",2,"0-25%","ischiopubic ramus",,,,,,"Adult","Size",,,,,,"F10A",,"05/17/07 00:00:00"
"F10-015","Area AI, Forma 10, US140, 9/11/00,Non attribuibili","tibia","Unknown",2,"0-25%","Proximal",,,,,,"Subadult","Epiphyseal Closure",,,,,,,"Proximal tibia and epiphysis, very degraded.","05/17/07 00:00:00"
"F10-016","Area AI, Forma 10, US140, 9/11/00,Non attribuibili","long bone (cancellous)",,2,"0-25%",,,,,,,"Subadult","Epiphyseal Closure",,,,,,,"Two fragments of unidentifiable long bones and/or epiphyses.","05/17/07 00:00:00"
"F10-017","Area AI, Forma 10, US140, 9/11/00,Non attribuibili","radius","Unknown",1,"0-25%","Distal",,,,,,"Subadult","Epiphyseal Closure",,,,,,,,"05/17/07 00:00:00"
"F10-018","Area AI, Forma 10, US140, 9/11/00,Non attribuibili","long bone (shaft)",,3,"0-25%","Shaft",,,,,,,,,,,,,,,"05/17/07 00:00:00"
"F10-019","Area AI, Forma 10, US140, 9/11/00,Non attribuibili","rib","Left",1,"0-25%","Posterior",,,,,,"Adult","Size",,,,,,,,"05/17/07 00:00:00"
"F10-020","Area AI, Forma 10, US140, 9/11/00,Non attribuibili","rib","Right",1,"0-25%","Posterior",,,,,,"Adult","Size",,,,,,,,"05/17/07 00:00:00"
"F12-005","Area AI, F.12, US269, Strato sopra Ind A, 09/11/00","MT2-4","Right",1,"50-75%","Proximal",,,,,,"Adult","Size",,,,,,,,"04/27/07 00:00:00"
"F12-006","Area AI, F.12, US269, Strato sopra Ind A, 09/11/00","L vert",,1,"100%",,,,,,,"Adult","Size",,,"lipping, significant","osteophytes",,,,"04/27/07 00:00:00"
"F12-007","Area AI, F.12, US269, Strato sopra Ind A, 09/11/00","scapula","Right",1,"0-25%","acromion process",,,,,,"Adult","Size",,,,,,,,"04/27/07 00:00:00"
"F12-008","Area AI, F.12, US269, Strato sopra Ind A, 09/11/00","scapula","Right",1,"0-25%","acromion process",,,,,,"Adult","Size",,,,,,,,"04/27/07 00:00:00"
"F12-009","Area AI, F.12, US269, Strato sopra Ind A, 09/11/00","rib","Unknown",1,"0-25%","Proximal",,,,,,"Adult","Size",,,,,,"F12-010",,"04/27/07 00:00:00"
"F12-010","Area AI, F.12, US269, Strato sopra Ind A, 09/11/00","rib","Unknown",1,"0-25%","Shaft",,,,,,"Adult","Size",,,,,,"F12-009",,"04/27/07 00:00:00"
"F12-011","Area AI, F.12, US269, Strato sopra Ind A, 09/11/00","long bone","Unknown",1,"25-50%","Shaft",,,,,,"0-5","Size",,,,,,,"Either a fibula or an ulna.  More likely an ulna than a fibula based on shape.","04/27/07 00:00:00"
"F12-012","Area AI, F.12, US269, Strato sopra Ind A, 09/11/00","os coxae","Unknown",1,"0-25%","near acetabulum",,,,,,"Adult","Size",,,,,,,,"04/27/07 00:00:00"
"F12-013","Area AI, F.12, US269, Strato sopra Ind A, 09/11/00","unknown","Unknown",1,,,,,,,,,,,,,,,,"Possible MT1 or MC1, but too fragmented to tell without comparative material.","04/27/07 00:00:00"
"F12-014","Area AI, F.12, US269, Strato sopra Ind A, 09/11/00","long bone","Unknown",1,"0-25%","Shaft",,,,,,,,,,,,,,,"04/27/07 00:00:00"
"F11-001","Area AI, Forma 11, Ind. B, US277, 15/11/00","MC4","Left",1,"100%",,,,,,,"Adult","Size",,,,,,"F11A",,"04/30/07 00:00:00"
"F11-002","Area AI, Forma 11, Ind. B, US277, 15/11/00","S2",,1,"100%",,,,,,,"Subadult","Size",,,,,,"F11D",,"04/30/07 00:00:00"
"F11-003","Area AI, Forma 11, Ind. B, US277, 15/11/00","L5",,1,"100%",,,,,,,"Subadult","Size",,,,,,"F11D",,"04/30/07 00:00:00"
"F11-004","Area AI, Forma 11, Ind. B, US277, 15/11/00","ischium","Unknown",1,"25-50%",,,,,,,"Adult","Size",,,,,,"F11A or F11B",,"04/30/07 00:00:00"
"F11-005","Area AI, Forma 11, Ind. B, US277, 15/11/00","MC2","Left",1,"100%",,,,,,,"Adult","Size",,,,,,"F11A",,"04/30/07 00:00:00"
"T8-001","Area AI, T.8, US62, 8/9/00","ulna","Right",1,"50-75%","Proximal",,,,,,"0-5","Size",,,,,,"T8-002","This bone and T8-002 were found in the cassetta for T8 but do not match that subadult, who is older.  Bones are badly preserved and chewed.  Probably fell from another cassetta.","05/03/07 00:00:00"
"T8-002","Area AI, T.8, US62, 8/9/00","radius","Right",1,"50-75%","Distal",,,,,,"0-5","Size",,,,,,"T8-001","This bone and T8-001 were found in the cassetta for T8 but do not match that subadult, who is older.  Bones are badly preserved and chewed.  Probably fell from another cassetta.","05/03/07 00:00:00"
"F13-007","Area AI, Forma 13, Ind C, US271, 09/11/00","fibula","Unknown",1,"25-50%","Proximal",,,,,,"5-10","Size",,,,,,"F13-002, F13-003",,"05/04/07 00:00:00"
"F13-002","Area AI, Forma 13, Ind C, US271, 09/11/00","metacarpal","Right",1,"75-100%","Proximal",,,,,,"5-10","Size",,,,,,"F13-001, F13-003",,"05/04/07 00:00:00"
"F13-003","Area AI, Forma 13, Ind C, US271, 09/11/00","proximal hand phalanx","Unknown",1,"100%",,,,,,,"5-10","Size",,,,,,"F13-001, F13-002",,"05/04/07 00:00:00"
"F01-001","Area AI, Forma 1, Ind. D, US252, 7/11/00","rib","Unknown",6,"0-25%","Shaft",,,,,,,,,,,,,"F1A, F1B, F1C","These are 6 rib fragments found with F1D, a subadult who is not lacking any ribs or fragments of ribs.  These commingled remains could be from another individual within Forma 1.  F1D is supposed to be a single burial, though, whereas F1A-C are mult.","05/09/07 00:00:00"
"T14-001","Area AI, T.14, US195, 17/10/00","femur","Unknown",1,"0-25%","Proximal",,,,,,"10-15","Epiphyseal Closure",,,,,,,"One femoral epiphysis (lesser trochanter) was found with the individual in T14.","05/11/07 00:00:00"
"F7-001","Area AI, Forma 7, Ind. B, US105, 19/09/00","MC2","Left",1,"75-100%",,,,,,,"15-20","Epiphyseal Closure",,,,,,"F7A","Found with F7B.  Subadult MC2 that doesn't belong to F7B (who already has a L MC2).  Could go with F7A, a subadult of about the same age from the same area.","05/14/07 00:00:00"
"F7-002","Area AI, Forma 7, Ind. B, US105, 19/09/00","C vert","Right",1,"50-75%","Other",,,,,,"Adult","Size",,,,,,"F7A","R half of a C vert found with F7B.  Looks adult, but could be from an older subadult, possibly F7A.","05/14/07 00:00:00"
"F7-003","Area AI, Forma 7, Ind. B, US104, 19/09/00","humerus","Left",1,"0-25%","Proximal Epiphysis","MAXHEADDIAM 40.00",,,,,"15-20","Epiphyseal Closure",,,,,,"F7A",,"05/14/07 00:00:00"
"F7-004","Area AI, Forma 7, Ind. B, US104, 19/09/00","radius","Unknown",1,"75-100%","Shaft","MAXLNGTH 59.46",,,,,"0-5","Size",,,,,,,"This is a radius from a neonate.","05/14/07 00:00:00"
"F11-006","Area AI, Forma 11, Ind. A, US257, 10/11/00","MC5","Right",1,"75-100%",,,,,,,"10-15","Epiphyseal Closure",,,,,,"F11-007 and F11-008","Based on size and lack of fused head, probably 10-15 year old individual.","05/16/07 00:00:00"
"F11-007","Area AI, Forma 11, Ind. A, US257, 10/11/00","MC2-4","Unknown",1,"75-100%",,,,,,,"10-15","Epiphyseal Closure",,,,,,"F11-006 and F11-008","Same general size and color as F11-006.","05/16/07 00:00:00"
"F11-008","Area AI, Forma 11, Ind. A, US257, 10/11/00","MC1","Right",1,"75-100%",,,,,,,"10-15","Epiphyseal Closure",,,,,,"F11-006 and F11-007",,"05/16/07 00:00:00"
"F10-021","Area AI, Forma 10, US140, 9/11/00,Non attribuibili","rib","Unknown",8,"0-25%","Shaft",,,,,,"Adult","Size",,,,,,,,"05/17/07 00:00:00"
"F10-022","Area AI, Forma 10, US140, 9/11/00,Non attribuibili","rib","Right",2,"25-50%","Posterior",,,,,,"Subadult","Size",,,,,,,,"05/17/07 00:00:00"
"F10-023","Area AI, Forma 10, US140, 9/11/00,Non attribuibili","rib 2","Left",1,"75-100%",,,,,,,"Subadult","Size",,,,,,,,"05/17/07 00:00:00"
"F10-024","Area AI, Forma 10, US140, 9/11/00,Non attribuibili","rib 11","Left",1,"75-100%",,,,,,,"Subadult","Size",,,,,,,,"05/17/07 00:00:00"
"F10-025","Area AI, Forma 10, US140, 9/11/00,Non attribuibili","rib 12","Left",1,"75-100%",,,,,,,"Subadult","Size",,,,,,,,"05/17/07 00:00:00"
"F10-026","Area AI, Forma 10, US140, 9/11/00,Non attribuibili","rib","Left",5,"25-50%","Posterior",,,,,,"Subadult","Size",,,,,,,,"05/17/07 00:00:00"
"F10-027","Area AI, Forma 10, US140, 9/11/00,Non attribuibili","rib","Unknown",20,"0-25%","Shaft",,,,,,"Subadult","Size",,,,,,,,"05/17/07 00:00:00"
"F13-001","Area AI, Forma 13, Ind.A, US127A, 26/09/00","rib","Right",1,"50-75%",,,,,,,"Adult","Size",,,,,,"F13C",,"05/18/07 00:00:00"
"F13-006","Area AI, Forma 13, Ind.A, US127A, 26/09/00","rib","Left",1,"50-75%",,,,,,,"Adult","Size",,,,,,"F13C",,"05/18/07 00:00:00"
"F13-005","Area AI, Forma 13, Ind.A, US127A, 26/09/00","sternum",,1,"50-75%","inferior sternal body",,,,,,"Adult","Size",,,,,,"F13C","Included with F13A, who is too young to have a sternal body of this size.  Could be a young adult or a gracile female.","05/18/07 00:00:00"
"F13-004","Area AI, Forma 13, Ind.A, US127A, 26/09/00","phalanx, proximal foot","Unknown",1,"100%",,,,,,,"Adult","Size",,,,,,"F13C",,"05/18/07 00:00:00"
"F01-002","Area AI, Forma 1, Ind. A, US115, 25/09/00","rib","Unknown",2,"0-25%","Shaft",,,,,,,,,,,,,"F1A-D",,"05/21/07 00:00:00"
"F01-003","Area AI, Forma 1, Ind. A, US115, 25/09/00","talus","Unknown",1,"0-25%","articular facet",,,,,,,,,,,,,"F1B-D",,"05/21/07 00:00:00"
"F01-004","Area AI, Forma 1, Ind. A, US115, 25/09/00","phalanx, proximal hand","Unknown",1,"100%",,,,,,,"Adult","Epiphyseal Closure",,,,,,"F1B or F1C",,"05/21/07 00:00:00"
"F01-005","Area AI, Forma 1, Ind. A, US115, 25/09/00","phalanx, proximal hand","Unknown",1,"100%",,,,,,,"Adult","Epiphyseal Closure",,,,,,"F1B or F1C",,"05/21/07 00:00:00"
"F01-006","Area AI, Forma 1, Ind. A, US115, 25/09/00","MC5","Left",1,"100%",,,,,,,"Adult","Epiphyseal Closure",,,,,,"F1B or F1C",,"05/21/07 00:00:00"
"F01-007","Area AI, Forma 1, Ind. A, US115, 25/09/00","MC1","Right",1,"100%",,,,,,,"Adult","Epiphyseal Closure",,,,,,"F1C",,"05/21/07 00:00:00"
"F01-008","Area AI, Forma 1, Ind. A, US115, 25/09/00","MC3","Left",1,"100%",,,,,,,"Adult","Size",,,,,,"F1C",,"05/21/07 00:00:00"
"F01-009","Area AI, Forma 1, Ind. A, US115, 25/09/00","MC3","Right",1,"100%",,,,,,,"Adult","Epiphyseal Closure",,,,,,"F1C",,"05/21/07 00:00:00"
"F01-010","Area AI, Forma 1, Ind. A, US115, 25/09/00","MC2","Left",1,"100%",,,,,,,"Adult","Epiphyseal Closure",,,,,,"F1C",,"05/21/07 00:00:00"
"F01-011","Area AI, Forma 1, Ind. A, US115, 25/09/00","MT2-4","Unknown",1,"100%",,,,,,,"Subadult","Epiphyseal Closure",,,,,,"F1D",,"05/21/07 00:00:00"
"F01-012","Area AI, Forma 1, Ind. A, US115, 25/09/00","MT1","Right",1,"100%",,,,,,,"Subadult","Epiphyseal Closure",,,,,,"Unknown (not F1A or F1D)",,"05/21/07 00:00:00"
"F01-013","Area AI, Forma 1, Ind. A, US115, 25/09/00","phalanx, proximal foot","Unknown",1,"100%",,,,,,,"Adult","Epiphyseal Closure",,,,,,"F1B or F1C",,"05/21/07 00:00:00"
"F02-001","Area AI, Forma 2, Non attribuibili, 21/9/00","MTs","Both",7,"100%",,,,,,,"Adult","Size","M","Size",,,,"F2A or F2B","Present include: L MT 1, 3, 4, 5; R MT 3, 4, 5.  No pathologies noted.","05/23/07 00:00:00"
"F02-002","Area AI, Forma 2, Non attribuibili, 21/9/00","C verts",,4,"100%",,,,,,,"<25","Epiphyseal Closure",,,,,,"F2A or F2B","Present include: atlas, axis, C3, and probably C6.  No pathologies noted.","05/23/07 00:00:00"
"F02-003","Area AI, Forma 2, Non attribuibili, 21/9/00","T verts",,7,"100%",,,,,,,"<25","Epiphyseal Closure",,,"scoliosis","deviated thoracic spine","osteophytes","F2A or F2B","Present include: T1, T3, T5-T9 (I think).  See photographs of these verts, particularly the thoracic spine of what appears to be T9.","05/23/07 00:00:00"
"F02-004","Area AI, Forma 2, Non attribuibili, 21/9/00","clavicle","Right",1,"100%",,"MAXLNGTH 135.72","APDIAM 12.65","SIDIAM 9.14",,,"21-30","Epiphyseal Closure","U",,"rhomboid fossa","muscle marker",,"F2A or F2B","See photograph of anterior clavicle, which has an extra ridge of bone presumably for muscle attachments.  Also present is a rhomboid fossa, indicating this could be male.  Msmts indicate female, though.","05/23/07 00:00:00"
"F02-005","Area AI, Forma 2, Non attribuibili, 21/9/00","os coxae","Left",1,"0-25%","pubic symphysis",,,,,,"21-30","Pubic Symphysis","M","Phenice method",,,,"F2A or F2B","Age range for this pubic symphysis using both Suchey and Todd is 25-30 years old.","05/23/07 00:00:00"
"F02-006","Area AI, Forma 2, Non attribuibili, 21/9/00","humerus","Right",1,"25-50%","Proximal","MAXHEAD 45.00",,,,,"Adult","Epiphyseal Closure","M","Size",,,,"F2A or F2B",,"05/23/07 00:00:00"
"F02-007","Area AI, Forma 2, Non attribuibili, 21/9/00","1st rib","Right",1,"100%",,,,,,,"Adult","Size",,,,,,"F2A or F2B",,"05/23/07 00:00:00"
"F02-008","Area AI, Forma 2, Non attribuibili, 21/9/00","ribs","Unknown",2,"50-75%","Shaft",,,,,,"Adult","Size",,,,,,"F2A or F2B",,"05/23/07 00:00:00"
"F02-009","Area AI, Forma 2, Non attribuibili, 21/9/00","phalanges, foot","Unknown",2,"100%",,,,,,,"Adult","Size",,,,,,"F2A or F2B","Both proximal, one 1st and one 2-5.","05/23/07 00:00:00"
"F02-010","Area AI, Forma 2, Non attribuibili, 21/9/00","MTs","Unknown",2,"100%",,,,,,,"Adult","Size",,,,,,"F2A or F2B","Two MT2-4s.  Unsure which ones or which sides.  These two MTs could possibly come from different individuals (i.e., one from F2A and one from F2B).","05/23/07 00:00:00"
"F02-011","Area AI, Forma 2, Non attribuibili, 21/9/00","MCs","Both",5,"100%",,,,,,,"Adult","Size",,,,,,"F2A or F2B","Present include: L MC3; R MC2-4; one distal MC.","05/23/07 00:00:00"
"US66-001","Area AI, Ambiente D, US66, 18/09/00","rib","Unknown",16,"0-25%","Shaft",,,,,,"Adult","Size",,,,,,"US66C or US66D",,"05/24/07 00:00:00"
"US66-002","Area AI, Ambiente D, US66, 18/09/00","talus","Left",1,"100%",,,,,,,"Adult","Size",,,,,,"US66C or US66D",,"05/24/07 00:00:00"
"US66-003","Area AI, Ambiente D, US66, 18/09/00","MC5","Right",1,"100%",,,,,,,"Adult","Epiphyseal Closure",,,,,,"US66C or US66D",,"05/24/07 00:00:00"
"US66-004","Area AI, Ambiente D, US66, 18/09/00","phalanx, proximal hand","Unknown",1,"25-50%","Proximal",,,,,,"Adult","Epiphyseal Closure",,,,,,"US66C or US66D",,"05/24/07 00:00:00"
"US66-005","Area AI, Ambiente D, US66, 18/09/00","MC2","Right",1,"100%",,,,,,,"Adult","Epiphyseal Closure",,,,,,"US66C or US66D",,"05/24/07 00:00:00"
"US66-006","Area AI, Ambiente D, US66, 18/09/00","MC2","Left",1,"100%",,,,,,,"Adult","Epiphyseal Closure",,,,,,"US66C or US66D",,"05/24/07 00:00:00"
"US66-007","Area AI, Ambiente D, US66, 18/09/00","MC1","Left",1,"100%",,,,,,,"Adult","Epiphyseal Closure",,,,,,"US66C or US66D",,"05/24/07 00:00:00"
"US66-008","Area AI, Ambiente D, US66, 18/09/00","fibula","Unknown",1,"0-25%","Shaft",,,,,,"Adult","Size",,,,,,"US66C or US66D",,"05/24/07 00:00:00"
"US66-009","Area AI, Ambiente D, US66, 18/09/00","ulna or fibula","Unknown",1,"0-25%","Shaft",,,,,,"Adult","Size",,,,,,"US66C or US66D",,"05/24/07 00:00:00"
"US66-010","Area AI, Ambiente D, US66, 18/09/00","zygomatic","Left",1,"100%",,,,,,,"Adult","Size",,,,,,"US66C or US66D","From the size, I think it goes with US66D but I can't be sure.","05/24/07 00:00:00"
"US66-011","Area AI, Ambiente D, US66, 18/09/00","vertebrae",,3,"50-75%",,,,,,,"Adult","Size",,,,,,"US66C or US66D","One fragment of C7, one fragment of a T arch, and one almost complete T2-9 vert.","05/24/07 00:00:00"
"US66-012","Area AI, Ambiente D, US66, 18/09/00","os coxae","Left",2,"0-25%","acetabulum",,,,,,"Adult","Size","PF","Sciatic notch",,,,"US66C","One large acetabulum fragment.  Part of sciatic notch that remains could indicate female, but it's hard to tell.  Another fragment of os coxae present, part of one of the rami.","05/24/07 00:00:00"
"US66-013","Area AI, Ambiente D, US66, 18/09/00","LXI1","Left",1,"100%",,,,,,,"Adult","Size",,,"Slightly shovelled","Wear = 2","Chipping = 3.1.2.1","US66B, US66C, US66D","Single incisor unattributable to any individual.  Tooth is slightly shovelled, and there is a medium-sized chip on the mesial interproximal surface.  Probably goes with B or C based on wear rather than D.","05/24/07 00:00:00"
"US15-001","Area AI, Ambiente C e D, US15, 19/09/00","clavicle","Right",1,"50-75%","Medial",,,,,,"<30","Epiphyseal Closure",,,,,,"US15C, US15D",,"05/25/07 00:00:00"
"US15-002","Area AI, Ambiente C e D, US15, 19/09/00","patella","Right",1,"100%",,,,,,,"Adult","Size",,,,,,"US15C, D, E",,"05/25/07 00:00:00"
"US15-003","Area AI, Ambiente C e D, US15, 19/09/00","1st rib","Right",1,"100%",,,,,,,"Adult","Size",,,,,,"US15C, D, E",,"05/25/07 00:00:00"
"US15-004","Area AI, Ambiente C e D, US15, 19/09/00","atlas and axis",,2,"100%",,,,,,,"Adult","Size",,,,,,"US15C, D, E","These two C verts appear to go together.","05/25/07 00:00:00"
"US15-005","Area AI, Ambiente C e D, US15, 19/09/00","cranial fragments","Both",10,"0-25%",,,,,,,,,,,,,,,"Unsure if these are subadult or adult.  Small fragments, crusted over with dirt.","05/25/07 00:00:00"
"US15-006","Area AI, Ambiente C e D, US15, 19/09/00","thoracic vert",,1,"75-100%","Body",,,,,,"Adult","Size",,,,,,,"No noted pathologies, so I didn't put this with US15E.","05/25/07 00:00:00"
"US15-007","Area AI, Ambiente C e D, US15, 19/09/00","radius","Unknown",1,"0-25%","Distal",,,,,,,,,,,,,"US15C, D, E","Badly beaten-up fragment of a distal radius.  Unsure what side it is.  Appears to be adult.","05/25/07 00:00:00"
"US15-008","Area AI, Ambiente C e D, US15, 19/09/00","cervical vert",,1,"25-50%","Body",,,,,,"Adult","Size",,,,,,"US15C, D, E",,"05/25/07 00:00:00"
"US15-009","Area AI, Ambiente C e D, US15, 19/09/00","phalanx, 1st prox foot","Unknown",1,"100%",,,,,,,"Adult","Size",,,,,,"US15C, D, E",,"05/25/07 00:00:00"
"US15-010","Area AI, Ambiente C e D, US15, 19/09/00","cervical vert",,1,"100%",,,,,,,"Subadult","Size",,,,,,"US15B, C",,"05/25/07 00:00:00"
"US15-011","Area AI, Ambiente C e D, US15, 19/09/00","thoracic vert",,1,"100%",,,,,,,"Subadult","Size",,,,,,"US15B, C",,"05/25/07 00:00:00"
"US15-012","Area AI, Ambiente C e D, US15, 19/09/00","lumbar vert",,1,"100%",,,,,,,"Subadult","Size",,,,,,"US15B, C",,"05/25/07 00:00:00"
"US15-013","Area AI, Ambiente C e D, US15, 19/09/00","ribs","Unknown",19,"0-25%","Various",,,,,,"Adult","Size",,,,,,"US15C, D, E","One of these fragments could be a L first rib.","05/25/07 00:00:00"
"US15-014","Area AI, Ambiente C e D, US15, 19/09/00","LXI1","Left",1,"100%",,,,,,,"Adult","Size",,,"Wear = 2",,,"US15C, D, E","No chipping, calculus, hypoplasia, or caries.","05/25/07 00:00:00"
"US15-015","Area AI, Ambiente C e D, US15, 19/09/00","LNI1/2","Left",1,"100%",,,,,,,"Adult","Size",,,"Wear = 2",,,"US15C, D, E","Unsure if this is a central or lateral incisor based on the size.  No chipping, caries, hypoplasia, or calculus.","05/25/07 00:00:00"
"T64-001","Area AI, T.64, Resti Non Attri., 30/10/00","humerus","Unknown",1,"0-25%","Shaft",,,,,,"Adult","Size",,,,,,"T64",,"05/28/07 00:00:00"
"T64-002","Area AI, T.64, Resti Non Attri., 30/10/00","MT2-4","Unknown",1,"75-100%","Proximal",,,,,,"Adult","Size",,,,,,"T64",,"05/28/07 00:00:00"
"T64-003","Area AI, T.64, Resti Non Attri., 30/10/00","ulna","Unknown",1,"0-25%","olecranon process fragment",,,,,,"Adult","Size",,,,,,"T64",,"05/28/07 00:00:00"
"T64-004","Area AI, T.64, Resti Non Attri., 30/10/00","talus","Left",1,"50-75%",,,,,,,"Adult","Size",,,,,,"T64",,"05/28/07 00:00:00"
"T64-005","Area AI, T.64, Resti Non Attri., 30/10/00","tibia","Unknown",1,"0-25%","Shaft",,,,,,"Adult","Size",,,,,,"T64",,"05/28/07 00:00:00"
"T64-006","Area AI, T.64, Resti Non Attri., 30/10/00","ischium","Unknown",1,"50-75%","tuberosity",,,,,,"Adult","Epiphyseal Closure",,,,,,"T64",,"05/28/07 00:00:00"
"F4-001","Area AI, Forma 4, Ind C, US129, 28/09/00","MT4","Right",1,"75-100%","Proximal",,,,,,"Subadult","Epiphyseal Closure",,,,,,"F4A, F4D",,"06/04/07 00:00:00"
"T68-001","Area AI, T.68, US276, Non attribuibili, 13/11/00","atlas",,1,"100%",,,,,,,"Adult","Size",,,,,,,"Does not match with the axis of T68A.","06/07/07 00:00:00"
"T68-002","Area AI, T.68, US276, Non attribuibili, 13/11/00","ribs","Both",17,"0-25%","Shaft",,,,,,"Adult","Size",,,,,,"T68A","1 R rib, 2 L ribs, 14 fragments.","06/07/07 00:00:00"
"T68-003","Area AI, T.68, US276, Non attribuibili, 13/11/00","long bones","Unknown",12,"0-25%","Shaft",,,,,,"Adult","Size",,,,,,,"Various long bones present based on size.","06/07/07 00:00:00"
"T68-004","Area AI, T.68, US276, Non attribuibili, 13/11/00","scapula","Right",5,"25-50%","Various",,,,,,"Adult","Size",,,,,,"T68A",,"06/07/07 00:00:00"
"T68-005","Area AI, T.68, US276, Non attribuibili, 13/11/00","sacrum",,1,"0-25%","arches",,,,,,"Adult","Size",,,,,,"T68A",,"06/07/07 00:00:00"
"T68-005","Area AI, T.68, US276, Non attribuibili, 13/11/00","vertebrae",,8,"0-25%",,,,,,,"Adult","Size",,,,,,"T68A","C = fragment of neural arch.  T = 3 neural arch frags, 1 body.  L = 2 arch frags.  1 uid frag.","06/07/07 00:00:00"
"T68-006","Area AI, T.68, US276, Non attribuibili, 13/11/00","MC3","Left",1,"50-75%","Proximal",,,,,,"Adult","Size",,,,,,"T68A",,"06/07/07 00:00:00"
"T68-007","Area AI, T.68, US276, Non attribuibili, 13/11/00","MC","Unknown",1,"0-25%","Distal",,,,,,"Adult","Size",,,,,,"T68A","Unknown which MC this is.","06/07/07 00:00:00"
"T68-008","Area AI, T.68, US276, Non attribuibili, 13/11/00","MT","Unknown",1,"50-75%","Proximal",,,,,,"Adult","Size",,,,,,"T68A","Hard to tell number since there's a bunch of dirt fused to the base of this MT.","06/07/07 00:00:00"
"T69-001","Area AI, US289, vic. T.69, 20/06/01","cranium",,9,"25-50%","see below",,,,,,"Adult","Size","Male","Nonmetric traits",,,,,"Parts present: occipital, pieces on either side of sagittal suture, L superciliary crest/part of orbit, part of R temporal, 4 fragments.  No pathologies noted.  No nonmetric traits noted (ossicles, etc.).","06/11/07 00:00:00"
"T21-001","Area AI, T.21, US64, 8/9/00","RXP3","Right",1,"100%",,,,,,,"Adult","Size",,,"WEAR = 3","CALC = 1.3",,,"Found in the matrix of the cranium of T21, but it definitely does not go with that individual.","06/13/07 00:00:00"
"ET69-002","T69, 18/7/06","humerus","Left",3,"50-75%","Distal/Shaft",,,,,,"Adult","Size",,,,,,,,"07/04/07 00:00:00"
"ET68-020","T.68, Riemp. Interno Cappuccina","scapula","Unknown",2,"0-25%","spine",,,,,,"Adult","Size",,,,,,,,"07/05/07 00:00:00"
"ET68-021","T.68, Riemp. Interno Cappuccina","sternum",,2,"25-50%","corpus sterni",,,,,,"Adult","Size",,,,,,"ET68 (female)","Possibly matches ET68, the older female skeleton.  There is not enough evidence to definitively attribute these sternal frags to ET68, but she is lacking the corpus sterni.","07/05/07 00:00:00"
"ET68-022","T.68, Riemp. Interno Cappuccina","femur","Left",1,"0-25%","Distal",,,,,,"0-5","Size",,,,,,,"Distal femur fragment from a child of around 3-5 years old.  Definitely older than the radius fragments.","07/05/07 00:00:00"
"ET68-023","T.68, Riemp. Interno Cappuccina","RNP3","Right",1,"100%",,,,,,,"Adult","Size",,,"calculus = 1.2 (lingual)","wear = 1",,,"No chipping, carious lesion, hypoplasia.","07/05/07 00:00:00"
"ET68-024","T.68, Riemp. Interno Cappuccina","unknown","Unknown",14,,,,,,,,,,,,,,,,"Unknown bone fragments, mostly long bone.","07/06/07 00:00:00"
"ET70-001","T.70, 19/7/06, Riempiamento Ind. Estraneo","clavicle","Left",1,"100%",,"MAXLNGTH = 120.73","APDIAM = 12.62","SIDIAM = 7.44",,,"Adult","Size",,,,,,,,"07/06/07 00:00:00"
"ET70-002","T.70, 19/7/06, Riempiamento Ind. Estraneo","radius","Right",2,"50-75%","Proximal",,,,,,"Adult","Size",,,,,,,,"07/06/07 00:00:00"
"ET70-003","T.70, 19/7/06, Riempiamento Ind. Estraneo","os coxae","Left",2,"25-50%","ilium",,,,,,"Adult","Size",,,,,,,,"07/06/07 00:00:00"
"ET70-004","T.70, 19/7/06, Riempiamento Ind. Estraneo","fibula","Unknown",1,"25-50%","Shaft",,,,,,"Adult","Size",,,,,,,,"07/06/07 00:00:00"
"ET70-005","T.70, 19/7/06, Riempiamento Ind. Estraneo","C vert",,1,"100%",,,,,,,"Adult","Size",,,,,,,"One of the middle C verts, C3-C6.","07/06/07 00:00:00"
"ET70-006","T.70, 19/7/06, Riempiamento Ind. Estraneo","L vert",,1,"0-25%","transverse process",,,,,,"Adult","Size",,,,,,,,"07/06/07 00:00:00"
"ET70-007","T.70, 19/7/06, Riempiamento Ind. Estraneo","rib","Unknown",7,"0-25%","Shaft",,,,,,"Adult","Size",,,,,,,,"07/06/07 00:00:00"
"ET70-008","T.70, 19/7/06, Riempiamento Ind. Estraneo","RNI2","Right",1,"100%",,,,,,,"Adult","Size",,,"WEAR = 2","CALC = 2.2 (mod, ling)",,,"No carious lesions, hypoplasias, chipping.  Doesn't go with ET70, who has both of these teeth present.","07/06/07 00:00:00"
"ET67-001","T.67, 12/7/06, Ind. Adulte nel Riempimento","tibia","Right",2,"25-50%","Shaft",,,,,,"Adult","Size",,,,,,,,"07/09/07 00:00:00"
"ET67-002","T.67, 12/7/06, Ind. Adulte nel Riempimento","femur","Left",1,"50-75%","Shaft","MIDSHAP = 30.05","MIDSHML = 28.85","MIDCIRC = 91",,,"Adult","Size",,,,,,,,"07/09/07 00:00:00"
"ET67-003","T.67, 12/7/06, Ind. Adulte nel Riempimento","ribs","Unknown",4,"0-25%","Shaft",,,,,,,,,,,,,"ET67","These could go with ET67, but I am not sure.","07/09/07 00:00:00"
"ET62-001","T.62, 1/8/06, Scapola, omero di un 2o individuo","humerus","Left",2,"50-75%","Distal","DISTEPBR = 63.20",,,,,"Adult","Size",,,,,,,,"07/10/07 00:00:00"
"ET62-002","T.62, 1/8/06, Scapola, omero di un 2o individuo","scapula","Left",2,"75-100%",,,,,,,"Adult","Size",,,,,,,,"07/10/07 00:00:00"
"ET63-001","T.63, 18/7/06, altro individuo","humerus","Both",2,"0-25%","proximal epiphyses",,,,,,"0-5","Size",,,,,,,"From a child under the age of 5 years old.  One proximal epiphysis from each side.","07/10/07 00:00:00"
"ET63-002","T.63, 18/7/06, altro individuo","vertebrae",,4,"25-50%",,,,,,,"0-5","Size",,,,,,,"One fragment of C2 neural arch, three fragments of other cervical neural arches.","07/10/07 00:00:00"
"ET64-001","T.64, 27/7/06, altro individuo","navicular","Right",1,"100%",,,,,,,"Adult","Size",,,"Porosity, dorsal surface",,,,,"07/10/07 00:00:00"
"ET64-002","T.64, 27/7/06, altro individuo","1st prox hand phalanx","Unknown",1,"100%",,,,,,,"Adult","Size",,,,,,,,"07/10/07 00:00:00"
"ET45-001","T.45, 27/6/06, altro individuo","atlas (C1)",,2,"50-75%",,,,,,,"Adult","Size",,,,,,,,"07/13/07 00:00:00"
"ET45-002","T.45, 27/6/06, altro individuo","cranium",,3,"0-25%",,,,,,,"Adult","Size",,,,,,,"One piece of frontal, one piece of the sagittal suture with both L and R parietal, and one piece of parietal.","07/13/07 00:00:00"
"ET45-003","T.45, 27/6/06, altro individuo","LNC","Left",1,"100%",,,,,,,"Adult","Size",,,"DEVEL = 12","WEAR = 2","CALC = 1.3",,"No pathologies noted.","07/13/07 00:00:00"
"ET45-004","T.45, 27/6/06, altro individuo","RXM2","Right",1,"100%",,,,,,,"Adult","Size",,,"DEVEL = 12","WEAR = 01 01 01 01 / 04",,,"No pathologies noted.","07/13/07 00:00:00"
"ET52-001","T.52, 5/7/06, frammenti di cranio","temporal","Left",4,"50-75%",,,,,,,"Adult","Size",,,,,,,"Doesn't belong to ET51 as the bag suggests.","07/16/07 00:00:00"
"ET52-002","T.52, 5/7/06, frammenti di cranio","C vert",,1,"100%",,,,,,,"Adult","Size",,,,,,,"Probably 3, 4, or 5.","07/16/07 00:00:00"
"ET52-003","T.52, 5/7/06, frammenti di cranio","C vert",,1,"100%",,,,,,,"Subadult","Epiphyseal Closure",,,,,,,"Annular rings unfused, so doesn't belong with the other C vert.  Probably C6 or C7.","07/16/07 00:00:00"
"ET39-001","T.39, 23/6/06","MC2","Right",1,"100%",,,,,,,"Adult","Size",,,,,,,"Does not go with ET39, which has both L and R MC2 present already.  Was bagged with the R hand of this individual for some reason.","07/18/07 00:00:00"
"ET42-001","T.42, 20/6/06","ulna","Unknown",1,"25-50%","Shaft",,,,,,"Adult","Size",,,,,,,,"07/19/07 00:00:00"
"ET42-002","T.42, 20/6/06","RNM2","Right",1,"100%",,,,,,,"Adult","Size",,,"WEAR = 03 02 02 03",,,,"No carious lesions, calculus, hypoplasias, chipping, etc.  Probably doesn't go with ET42, as the wear isn't right and it's the only mandibular molar present.","07/19/07 00:00:00"
"ET35","T.35, Phase 2, bustum","various",,19,"0-25%",,,,,,,,,,,,,,,"Fragmentary remains from a bustum.  Weight of the remains is 22.4g.","07/24/07 00:00:00"
"ET34","T.34, 14/6/06, Phase 2","various","Right",2,"25-50%",,,,,,,"Subadult","Size",,,,,,,"Present: R ilium, distal R femur.  Age is hard to determine, but based on size, I would say somewhere between 3-7 years old.","07/25/07 00:00:00"
"ET93-001","T.93, 3/11/06","ilium","Left",1,"50-75%",,,,,,,"0-5","Size",,,,,,,"Left ilium from a child around 0-2 years old.","07/26/07 00:00:00"
"ET93-002","T.93, 3/11/06","humerus","Right",1,"0-25%","proximal epiphysis",,,,,,"10-15","Size",,,,,,,"Doesn't match with ET93, as it's too large and from an older juvenile.","07/26/07 00:00:00"
"ET93-003","T.93, 3/11/06","sternum",,1,"0-25%",,,,,,,"Subadult","Size",,,,,,"ET93",,"07/26/07 00:00:00"
"ET93-004","T.93, 3/11/06","ribs","Unknown",9,"0-25%","Shaft",,,,,,"Subadult","Size",,,,,,"ET93",,"07/26/07 00:00:00"
"ET93-005","T.93, 3/11/06","1st rib","Right",1,"25-50%","head",,,,,,"Adult","Size",,,,,,,,"07/26/07 00:00:00"
"ET93-006","T.93, 3/11/06","ribs","Unknown",5,"0-25%","Shaft",,,,,,"Adult","Size",,,,,,"ET93-005",,"07/26/07 00:00:00"
"ET93-007","T.93, 3/11/06","scapula","Left",1,"0-25%","acromion process (base)",,,,,,"Adult","Size",,,,,,,,"07/26/07 00:00:00"
"ET93-008","T.93, 3/11/06","scaphoid","Right",1,"100%",,,,,,,"Adult","Size",,,,,,,,"07/26/07 00:00:00"
"ET93-009","T.93, 3/11/06","3rd cuneiform","Unknown",1,"25-50%",,,,,,,"Adult","Size",,,,,,,,"07/26/07 00:00:00"
"ET93-010","T.93, 3/11/06","mandible","Right",1,"0-25%","condyle",,,,,,"Adult","Size",,,,,,,,"07/26/07 00:00:00"
"ET93-011","T.93, 3/11/06","RNI2","Right",1,"100%",,,,,,,"Adult","Size",,,"WEAR = 3","CALC = 1.4",,,"No caries, chipping, or hypoplasia.  Fully developed (2).","07/26/07 00:00:00"
"ET73-001","T.73, 25/7/06","tibia","Unknown",1,"25-50%","Shaft",,,,,,"Adult","Size",,,,,,,"Doesnt appear to go with ET73, the remains of a subadult, as it is significantly larger and has a different appearance, indicating different taphonomic conditions.","07/27/07 00:00:00"
"ET83-001","T.83, 18/10/06","MT2-4","Unknown",1,"100%",,,,,,,"Adult","Size",,,,,,,"Does not go with T83, a subadult.","07/27/07 00:00:00"
"ET83-002","T.83, 18/10/06","occipital",,1,"0-25%","condyle (basilar portion)",,,,,,"Adult","Size",,,,,,,"Does not go with ET83, a subadult.","07/27/07 00:00:00"
"ET91A-001","T.91, riempimiento, 30/10/07, Phase 3","frontal",,2,"50-75%",,,,,,,"Adult","Size","M","Visual cranium assessment",,,,,,"07/31/07 00:00:00"
"ET91A-002","T.91, riempimiento, 30/10/07, Phase 3","clavicle","Right",2,"75-100%",,,,,,,"Adult","Size",,,,,,,,"07/31/07 00:00:00"
"ET91A-003","T.91, riempimiento, 30/10/07, Phase 3","clavicle","Right",1,"50-75%","Shaft",,,,,,"Adult","Size",,,,,,,,"07/31/07 00:00:00"
"ET91A-004","T.91, riempimiento, 30/10/07, Phase 3","scapula","Right",1,"0-25%","acromion",,,,,,"Adult","Size","M","Size",,,,,,"07/31/07 00:00:00"
"ET91A-005","T.91, riempimiento, 30/10/07, Phase 3","scapula","Left",1,"0-25%","glenoid cavity",,,,,,"Adult","Size","M","Size",,,,,,"07/31/07 00:00:00"
"ET91A-006","T.91, riempimiento, 30/10/07, Phase 3","humerus","Right",2,"75-100%","Proximal","DIAMHEAD =49.17","MAXMID = 25.36","MINMID = 19.58",,,"Adult","Size","M","Size",,,,,,"07/31/07 00:00:00"
"ET91A-007","T.91, riempimiento, 30/10/07, Phase 3","ulna","Right",3,"75-100%",,,,,,,"Adult","Size","M","Size",,,,,,"07/31/07 00:00:00"
"ET91A-008","T.91, riempimiento, 30/10/07, Phase 3","ulna","Left",1,"25-50%","Proximal",,,,,,"Adult","Size","M","Size",,,,,,"07/31/07 00:00:00"
"ET91A-009","T.91, riempimiento, 30/10/07, Phase 3","radius","Right",1,"25-50%","Proximal",,,,,,"Adult","Size","M","Size",,,,,,"07/31/07 00:00:00"
"ET91A-010","T.91, riempimiento, 30/10/07, Phase 3","radius","Left",1,"25-50%","Proximal",,,,,,"Adult","Size","M","Size",,,,,,"07/31/07 00:00:00"
"ET91A-011","T.91, riempimiento, 30/10/07, Phase 3","femur","Right",1,"0-25%","head","MAXDIAMHD = 47.85",,,,,"Adult","Size","M","Size of femoral head",,,,,,"07/31/07 00:00:00"
"ET91A-012","T.91, riempimiento, 30/10/07, Phase 3","pubis","Right",1,"50-75%","pubic symphysis",,,,,,"Older Adult","Pubic Symphysis","M","Phenice method",,,,,,"07/31/07 00:00:00"
"ET91B-001","T.91, riempimiento, 30/10/07, Phase 3","cranium",,11,"25-50%",,,,,,,"Adult","Size",,,,,,,"Parts included are fragments of two temporals, a superciliary arch, frontal, large fragment of sagittal suture, and 5 pieces of parietal.","07/31/07 00:00:00"
"ET91C-001","T.91, riempimiento, 30/10/07, Phase 3","cranium",,14,"0-25%",,,,,,,"Adult","Size",,,,,,,"Parts included are a R zygomatic, occipital fragment, R frontal fragment, and 11 parietal frags.","07/31/07 00:00:00"
"ET91D-001","T.91, riempimiento, 30/10/07, Phase 3","femur","Left",1,"75-100%",,,,,,,"0-5","Size",,,,,,,,"07/31/07 00:00:00"
"ET91D-002","T.91, riempimiento, 30/10/07, Phase 3","femur","Right",1,"75-100%",,,,,,,"0-5","Size",,,,,,,,"07/31/07 00:00:00"
"ET91D-003","T.91, riempimiento, 30/10/07, Phase 3","MT","Unknown",1,"75-100%",,,,,,,"Subadult","Epiphyseal Closure",,,,,,,,"07/31/07 00:00:00"
"ET91D-004","T.91, riempimiento, 30/10/07, Phase 3","ribs","Unknown",2,"25-50%","Shaft",,,,,,"Subadult","Size",,,,,,,,"07/31/07 00:00:00"
"ET91D-005","T.91, riempimiento, 30/10/07, Phase 3","tibia","Unknown",1,"0-25%","proximal epiphysis",,,,,,"Subadult","Size",,,,,,,,"07/31/07 00:00:00"
"ET91-001","T.91, riempimiento, 30/10/07, Phase 3","scapula","Left",1,"0-25%","glenoid fossa",,,,,,"Adult","Size",,,,,,,,"07/31/07 00:00:00"
"ET91-002","T.91, riempimiento, 30/10/07, Phase 3","MC2","Left",1,"100%",,,,,,,"Adult","Size",,,,,,,,"07/31/07 00:00:00"
"ET91-003","T.91, riempimiento, 30/10/07, Phase 3","MC3","Right",1,"50-75%","Proximal",,,,,,"Adult","Size",,,,,,,,"07/31/07 00:00:00"
"ET91-004","T.91, riempimiento, 30/10/07, Phase 3","hamate","Right",1,"100%",,,,,,,"Adult","Size",,,,,,,,"07/31/07 00:00:00"
"ET91-005","T.91, riempimiento, 30/10/07, Phase 3","proximal hand phalanges","Unknown",3,"100%",,,,,,,"Adult","Size",,,,,,,"3 proximal hand phalanges","07/31/07 00:00:00"
"ET91-006","T.91, riempimiento, 30/10/07, Phase 3","intermediate hand phalanx","Unknown",1,"100%",,,,,,,"Adult","Size",,,,,,,"One interm. hand phalanx.","07/31/07 00:00:00"
"ET91-007","T.91, riempimiento, 30/10/07, Phase 3","vertebrae",,6,"50-75%",,,,,,,"Adult","Size",,,,,,,"Present include: C7, 4 T vertebrae, and 1 L vert fragment.","07/31/07 00:00:00"
"ET91-008","T.91, riempimiento, 30/10/07, Phase 3","ribs","Unknown",16,"0-25%",,,,,,,"Adult","Size",,,,,,,"One first rib included (right).","07/31/07 00:00:00"
"ET91-009","T.91, riempimiento, 30/10/07, Phase 3","long bones","Unknown",5,"0-25%","Shaft",,,,,,"Adult","Size",,,,,,,"Parts include: distal femur, 2 femur shaft fragments, and 2 fragments of fibula shaft.","07/31/07 00:00:00"
"ET91-010","T.91, riempimiento, 30/10/07, Phase 3","cranium",,8,"0-25%",,,,,,,"Adult","Size",,,,,,,"Various cranial fragments, including 3 temporal fragments and a sphenoid.","07/31/07 00:00:00"
"ET91-011","T.91, riempimiento, 30/10/07, Phase 3","UID fragments",,8,"0-25%",,,,,,,,,,,,,,,"Unidentifiable bone fragments.","07/31/07 00:00:00"
"ET85-001","T.85, riemp a lato sinistra del cranio","os coxae","Right",1,"50-75%","ilium",,,,,,"31-40","Auricular Surface","PM","Visual pelvis assessment",,,,,,"08/01/07 00:00:00"
"ET85-002","T.85","calcaneus","Right",1,"100%",,"LENGTH = 79.47","WIDTH = 44.27",,,,"Adult","Size",,,"minor osteophytes on tuber",,,"all other foot bones",,"08/01/07 00:00:00"
"ET85-003","T.85","MT1-5","Right",5,"100%",,,,,,,"Adult","Size",,,,,,"other foot bones","MT1-5 all appear to articulate.  Probably match with the calcaneus, phlanges, and talus.","08/01/07 00:00:00"
"ET85-004","T.85","foot phalanges","Unknown",2,"100%",,,,,,,"Adult","Size",,,,,,"other foot bones",,"08/01/07 00:00:00"
"ET85-005","T.85","talus","Left",1,"100%",,,,,,,"Adult","Size",,,,,,"other foot bones",,"08/01/07 00:00:00"
"ET85-006","T.85","ribs","Unknown",8,"0-25%",,,,,,,"Adult","Size",,,,,,,,"08/01/07 00:00:00"
"ET85-007","T.85","hand phalanges","Unknown",2,"100%",,,,,,,"Adult","Size",,,,,,,"One first prox hand phalanx, one intermediate.","08/01/07 00:00:00"
"ET31-001","T.31, Settore Z, frammenti estranei, 15/6/06","ribs","Unknown",8,"0-25%","Shaft",,,,,,"Adult","Size",,,,,,,"Most fragments are burned (grey-white).","08/01/07 00:00:00"
"ET31-002","T.31, Settore Z, frammenti estranei, 15/6/06","cranium",,1,"0-25%",,,,,,,"Adult","Size",,,,,,,"Fragment of both parietals on either side of the sagittal suture.","08/01/07 00:00:00"
"ET31-003","T.31, Settore Z, frammenti estranei, 15/6/06","ilium","Unknown",1,"0-25%","crest",,,,,,"Adult","Epiphyseal Closure",,,,,,,,"08/01/07 00:00:00"
"ET80-001","T.80, US636, ossa sparse","RNM1","Right",1,"100%",,,,,,,"Subadult","Dental Development",,,"DEVEL = 11","WEAR = 02, 01, 04, 03",,,"No caries, hypoplasia, chipping, calculus.","08/01/07 00:00:00"
"ET80-002","T.80, US636, ossa sparse","cranium",,2,"0-25%",,,,,,,"Adult","Size",,,,,,,"Two cranial fragments, one possibly slightly burned.","08/01/07 00:00:00"
"ET80-003","T.80, US636, ossa sparse","clavicle","Left",1,"25-50%","lateral",,,,,,"Adult","Size",,,,,,,,"08/01/07 00:00:00"
"ET80-004","T.80, US636, ossa sparse","capitate","Right",1,"100%",,,,,,,"Adult","Size",,,,,,,,"08/01/07 00:00:00"
"ET80-005","T.80, US636, ossa sparse","hand phalanges","Unknown",10,"100%",,,,,,,"Adult","Size",,,,,,,"Present include: 4 proximal, 4 intermediate, and 2 distal phalanges.","08/01/07 00:00:00"
"ET80-006","T.80, US636, ossa sparse","vertebrae",,3,"75-100%",,,,,,,"Adult","Size",,,"lipping (half L vert body)",,,,"Present include: 1 L vert, half an L vert body, and a T vert face.","08/01/07 00:00:00"
"ET80-007","T.80, US636, ossa sparse","humerus","Left",2,"50-75%","Proximal","MAXDIAM = 19.98","MINDIAM = 17.68",,,,"Adult","Size",,,,,,,,"08/01/07 00:00:00"
"ET80-008","T.80, US636, ossa sparse","humerus","Left",1,"25-50%","Shaft",,,,,,"Adult","Size",,,,,,,"Smaller than ET80-007, possibly from a female.","08/01/07 00:00:00"
"ET80-009","T.80, US636, ossa sparse","radius","Left",1,"75-100%",,"APMID = 10.31","MLMID = 12.54",,,,"Adult","Size",,,,,,,,"08/01/07 00:00:00"
"ET80-010","T.80, US636, ossa sparse","sacrum",,1,"50-75%",,,,,,,"Adult","Size",,,,,,,,"08/01/07 00:00:00"
"ET80-011","T.80, US636, ossa sparse","femur","Right",1,"25-50%","Proximal","APSUBTRO = 24.03","MLSUBTRO = 32.66",,,,"Adult","Size",,,,,,,,"08/01/07 00:00:00"
"ET80-012","T.80, US636, ossa sparse","femur","Left",1,"50-75%","Distal","EPIBRTH = 70.48","APMID = 21.54","MLMID = 23.33","CIRCUMMID = 68",,"Adult","Size",,,,,,,,"08/01/07 00:00:00"
"ET80-013","T.80, US636, ossa sparse","scapula","Unknown",1,"0-25%","spine",,,,,,"Adult","Size",,,,,,,,"08/01/07 00:00:00"
"ET80-014","T.80, US636, ossa sparse","ribs","Unknown",2,"0-25%","Shaft",,,,,,"Adult","Size",,,,,,,,"08/01/07 00:00:00"
"ET80-015","T.80, US636, ossa sparse","MTs","Unknown",3,"100%",,,,,,,"Adult","Size",,,,,,,"Three MTs present, unsure which number or side (although all three are MT2-4).","08/01/07 00:00:00"
"ET80-016","T.80, US636, ossa sparse","talus","Right",1,"25-50%",,,,,,,"Adult","Size",,,,,,,,"08/01/07 00:00:00"
"ET80-017","T.80, US636, ossa sparse","cuboid","Right",1,"100%",,,,,,,"Adult","Size",,,,,,,,"08/01/07 00:00:00"
"ET80-018","T.80, US636, ossa sparse","navicular","Right",1,"100%",,,,,,,"Adult","Size",,,,,,,,"08/01/07 00:00:00"
"ET80-019","T.80, US636, ossa sparse","fibula","Right",3,"100%",,"MIDDIAM = 17.03",,,,,"Adult","Size",,,"periostitis, minor, along proximal-lateral shaft",,,,,"08/01/07 00:00:00"
"ET80-020","T.80, US636, ossa sparse","tibia","Right",1,"100%",,"MAXLNGTH = 337","PROXBR = 67.27","DISTBR = 45.87","DIAMNF = 29.49","CIRCUMNF = 86","Adult","Size","PF","Measurements",,,,,,"08/01/07 00:00:00"
"ET80-021","T.80, US636, ossa sparse","tibia","Unknown",2,"0-25%","Shaft",,,,,,"Adult","Size",,,,,,,,"08/01/07 00:00:00"
"ET80-022","T.80, US636, ossa sparse","femur","Unknown",2,"0-25%","Shaft",,,,,,"Adult","Size",,,,,,,"From two different femora (size differences), but both adult.","08/01/07 00:00:00"
"ET80-023","T.80, US636, ossa sparse","femur","Unknown",2,"25-50%","Shaft",,,,,,"Subadult","Size",,,,,,,"Two fragments of femoral shaft probably from a subadult based on the size and quality of the bone.","08/01/07 00:00:00"
"ET80-024","T.80, US636, ossa sparse","femur","Right",1,"0-25%","head","MAXDIAMHEAD = 40.89",,,,,"Adult","Size","F","Size of femoral head",,,,,,"08/01/07 00:00:00"
"ET81-001","T.81, US635, 13/10/06","mandible","Right",1,"0-25%","ramus",,,,,,,,,,,,,,"Partially burned, discolored grey-white.","08/01/07 00:00:00"
"ET81-002","T.81, US635, 13/10/06","cranium",,3,"0-25%",,,,,,,"Adult","Size",,,,,,"ET80","One large unburned piece (could go with ET80), and two burned fragments.","08/01/07 00:00:00"
"ET81-003","T.81, US635, 13/10/06","ribs","Unknown",2,"0-25%",,,,,,,"Subadult/Adult","Size",,,,,,,"One is thin and small, obviously subadult.  One is larger and could be from an adult or from an older subadult (adolescent).","08/01/07 00:00:00"
"ET81-004","T.81, US635, 13/10/06","long bone",,3,"0-25%","Shaft",,,,,,,,,,,,,,"Three burned fragments of long bone shaft; the fragments are whitish and cracking.","08/01/07 00:00:00"
"ET81-005","T.81, US635, 13/10/06","femur","Unknown",1,"0-25%","Shaft",,,,,,"Adult","Size",,,"periostitis, minor and healing",,,,"Fragment of femoral shaft with some apparently healing periostitis on it.","08/01/07 00:00:00"
"ET39-001","T.39, varie","talus","Right",1,"100%",,,,,,,"Adult","Size",,,,,,,,"08/01/07 00:00:00"
"ET39-002","T.39, varie","hamate","Right",1,"100%",,,,,,,"Adult","Size",,,,,,,,"08/01/07 00:00:00"
"ET39-003","T.39, varie","lunate","Left",1,"100%",,,,,,,"Adult","Size",,,,,,,,"08/01/07 00:00:00"
"ET39-004","T.39, varie","scaphoid","Left",1,"100%",,,,,,,"Adult","Size",,,,,,,,"08/01/07 00:00:00"
"ET39-005","T.39, varie","hand phalanges","Unknown",2,"100%",,,,,,,"Adult","Size",,,,,,,"Present include: 1 prox and 1 intermediate.","08/01/07 00:00:00"
"ET39-006","T.39, varie","burned bone",,7,"0-25%",,,,,,,,,,,,,,,"Included are 1 cranial fragment and 6 long bone fragments, all whitish grey.","08/01/07 00:00:00"
"ET39-007","T.39, varie","various",,8,"0-25%",,,,,,,,,,,,,,,"8 fragments of unidentifiable bone, mostly long bone fragments.","08/01/07 00:00:00"
"ET49-001","T.49, varie, riempimiento","cranium",,3,"0-25%",,,,,,,,,,,,,,,"Three cranial fragments.","08/02/07 00:00:00"
"ET49-002","T.49, varie, riempimiento","mandible","Right",1,"0-25%","condyle",,,,,,,,,,,,,,"Partly burned.","08/02/07 00:00:00"
"ET93",,,,0,,,,,,,,,,,,,,,,,
"ET82",,,,0,,,,,,,,,,,,,,,,,
"ET85",,,,0,,,,,,,,,,,,,,,,,
"ET70",,,,0,,,,,,,,,,,,,,,,,
"ET79",,,,0,,,,,,,,,,,,,,,,,
"ET98",,,,0,,,,,,,,,,,,,,,,,
"ET58",,,,0,,,,,,,,,,,,,,,,,
"ET18",,,,0,,,,,,,,,,,,,,,,,
"ET68",,,,0,,,,,,,,,,,,,,,,,
"ET31",,,,0,,,,,,,,,,,,,,,,,
"ET72",,,,0,,,,,,,,,,,,,,,,,
"ET69",,,,0,,,,,,,,,,,,,,,,,
"ET38",,,,0,,,,,,,,,,,,,,,,,
"ET44",,,,0,,,,,,,,,,,,,,,,,
"ET20",,,,0,,,,,,,,,,,,,,,,,
"ET36",,,,0,,,,,,,,,,,,,,,,,
"ET67",,,,0,,,,,,,,,,,,,,,,,
"ET27",,,,0,,,,,,,,,,,,,,,,,
"T20",,,,0,,,,,,,,,,,,,,,,,
"T83B",,,,0,,,,,,,,,,,,,,,,,
"T82A",,,,0,,,,,,,,,,,,,,,,,
"T80",,,,0,,,,,,,,,,,,,,,,,
"T21",,,,0,,,,,,,,,,,,,,,,,
"T28",,,,0,,,,,,,,,,,,,,,,,
"T70",,,,0,,,,,,,,,,,,,,,,,
"T7",,,,0,,,,,,,,,,,,,,,,,
"T39",,,,0,,,,,,,,,,,,,,,,,
"T13",,,,0,,,,,,,,,,,,,,,,,
"T34",,,,0,,,,,,,,,,,,,,,,,
"T42",,,,0,,,,,,,,,,,,,,,,,
"T36",,,,0,,,,,,,,,,,,,,,,,
"T24",,,,0,,,,,,,,,,,,,,,,,
"T23",,,,0,,,,,,,,,,,,,,,,,
"T50",,,,0,,,,,,,,,,,,,,,,,
"T30",,,,0,,,,,,,,,,,,,,,,,
"T29",,,,0,,,,,,,,,,,,,,,,,
"T71",,,,0,,,,,,,,,,,,,,,,,
"T33",,,,0,,,,,,,,,,,,,,,,,
"T81",,,,0,,,,,,,,,,,,,,,,,
"T10",,,,0,,,,,,,,,,,,,,,,,
"T76",,,,0,,,,,,,,,,,,,,,,,
"T18",,,,0,,,,,,,,,,,,,,,,,
"F4B",,,,0,,,,,,,,,,,,,,,,,
"F11A",,,,0,,,,,,,,,,,,,,,,,
"F9B",,,,0,,,,,,,,,,,,,,,,,
"F3C",,,,0,,,,,,,,,,,,,,,,,
"F12A",,,,0,,,,,,,,,,,,,,,,,
"F10D",,,,0,,,,,,,,,,,,,,,,,
"F10C",,,,0,,,,,,,,,,,,,,,,,
"F6E",,,,0,,,,,,,,,,,,,,,,,
"F1A",,,,0,,,,,,,,,,,,,,,,,
"F13C",,,,0,,,,,,,,,,,,,,,,,
"F7B",,,,0,,,,,,,,,,,,,,,,,
"F5A",,,,0,,,,,,,,,,,,,,,,,
"ET58",,,,0,,,,,,,,,,,,,,,,,
"ET27",,,,0,,,,,,,,,,,,,,,,,
"ET72",,,,0,,,,,,,,,,,,,,,,,
"ET67",,,,0,,,,,,,,,,,,,,,,,
"ET42",,,,0,,,,,,,,,,,,,,,,,
"ET31",,,,0,,,,,,,,,,,,,,,,,
"ET69",,,,0,,,,,,,,,,,,,,,,,
"T70",,,,0,,,,,,,,,,,,,,,,,
"T18",,,,0,,,,,,,,,,,,,,,,,
"T36",,,,0,,,,,,,,,,,,,,,,,
"T23",,,,0,,,,,,,,,,,,,,,,,
"T30",,,,0,,,,,,,,,,,,,,,,,
"F12A",,,,0,,,,,,,,,,,,,,,,,
"F1A",,,,0,,,,,,,,,,,,,,,,,
"F11A",,,,0,,,,,,,,,,,,,,,,,
"T33",,,,0,,,,,,,,,,,,,,,,,
"T32",,,,0,,,,,,,,,,,,,,,,,
"ET93",,,,0,,,,,,,,,,,,,,,,,
"ET31",,,,0,,,,,,,,,,,,,,,,,
"F11A",,,,0,,,,,,,,,,,,,,,,,
