Skeleton ID,LNM3 (17) - Presence,LNM3 (17) - Development,LNM3 (17) - Wear 1,LNM3 (17) - Wear 2,LNM3 (17) - Wear 3,LNM3 (17) - Wear 4,LNM3 (17) - Wear Total,LNM3 (17) - Caries 1,LNM3 (17) - Caries 2,LNM3 (17) - Chipping,LNM3 (17) - Chipping 2,LNM3 (17) - Hypoplasia,LNM3 (17) - Hypoplasia Msmt,LNM3 (17) - Calculus,LNM3 (17) - Abscess,LNM2 (18) - Presence,LNM2 (18) - Development,LNM2 (18) - Wear 1,LNM2 (18) - Wear 2,LNM2 (18) - Wear 3,LNM2 (18) - Wear 4,LNM2 (18) - Wear Total,LNM2 (18) - Caries 1,LNM2 (18) - Caries 2,LNM2 (18) - Chipping,LNM2 (18) - Chipping 2,LNM2 (18) - Hypoplasia,LNM2 (18) - Hypoplasia Msmt,LNM2 (18) - Calculus,LNM2 (18) - Abscess,LNM1 (19) - Presence,LNM1 (19) - Development,LNM1 (19) - Wear 1,LNM1 (19) - Wear 2,LNM1 (19) - Wear 3,LNM1 (19) - Wear 4,LNM1 (19) - Wear Total,LNM1 (19) - Caries 1,LNM1 (19) - Caries 2,LNM1 (19) - Chipping,LNM1 (19) - Chipping 2,LNM1 (19) - Hypoplasia,LNM1 (19) - Hypoplasia Msmt,LNM1 (19) - Calculus,LNM1 (19) - Abscess,LNP4 (20) - Presence,LNP4 (20) - Development,LNP4 (20) - Wear,LNP4 (20) - Caries 1,LNP4 (20) - Caries 2,LNP4 (20) - Chipping,LNP4 (20) - Chipping 2,LNP4 (20) - Hypoplasia,LNP4 (20) - Hypoplasia Msmt,LNP4 (20) - Calculus,LNP4 (20) - Abscess,LNP3 (21) - Presence,LNP3 (21) - Development,LNP3 (21) - Wear,LNP3 (21) - Caries 1,LNP3 (21) - Caries 2,LNP3 (21) - Chipping,LNP3 (21) - Chipping 2,LNP3 (21) - Hypoplasia,LNP3 (21) - Hypoplasia Msmt,LNP3 (21) - Calculus,LNP3 (21) - Abscess,LNC (22) - Presence,LNC (22) - Development,LNC (22) - Wear,LNC (22) - Caries 1,LNC (22) - Caries 2,LNC (22) - Chipping,LNC (22) - Chipping 2,LNC (22) - Hypoplasia,LNC (22) - Hypoplasia Msmt,LNC (22) - Calculus,LNC (22) - Abscess,LNI2 (23) - Presence,LNI2 (23) - Development,LNI2 (23) - Wear,LNI2 (23) - Caries 1,LNI2 (23) - Caries 2,LNI2 (23) - Chipping,LNI2 (23) - Chipping 2,LNI2 (23) - Hypoplasia,LNI2 (23) - Hypoplasia Msmt,LNI2 (23) - Calculus,LNI2 (23) - Abscess,LNI1 (24) - Presence,LNI1 (24) - Development,LNI1 (24) - Wear,LNI1 (24) - Caries 1,LNI1 (24) - Caries 2,LNI1 (24) - Chipping,LNI1 (24) - Chipping 2,LNI1 (24) - Hypoplasia,LNI1 (24) - Hypoplasia Msmt,LNI1 (24) - Calculus,LNI1 (24) - Abscess,Notes
"ET102","3",,,,,,,,,,,,,,"9","4",,,,,,,,,,,,,,"0","4",,,,,,,,,,,,,,"0","4",,,,,,,,,,"0","4",,,,,,,,,,"0","4",,,,,,,,,,"0","4",,,,,,,,,,"0","4",,,,,,,,,,"0","Can't tell if there was an M3."
"ET103","6",,,,,,,,,,,,,,"0","2","15","03","04","05","05",17,"1","0","0","0","0",,"1.5","0","2","15","05","06","07","06",24,"0","0","0","0","0",,"0","0","2","15","3","0","0","0","0","0",,"1.3","0","2","15","3","0","0","0","0","0",,"1.3","0","2","15","3","0","0","0","0","1",3.70,"1.3","0","2","15","3","0","0","0","0","1",3.36,"1.2","0","2","15","4","0","0","0","0","1",4.35,"1.4","0","LNM2 occlusal lesion is on the hypoconid; it's possible it was formed secondary to a chip."
"ET17","8",,,,,,,,,,,,,,,"1","09",,,,,,,,,,,,,"0","2","15","01","01","01","01",4,"0","0","0","0","0",,"0","0",,,,,,,,,,,,,,,,,,,,,,,,,,,,,,,,,,"8",,,,,,,,,,"0","2","15","1","0","0","0","0","0",,"0","0","LNI2 is unerupted, which is a bit surprising."
"ET18","2","15","01","01","01","01",4,"0","0","0","0","0",,"0","0","2","15","02","05","05","03",15,"4","0","0","0","1",1.36,"0","0","2","15","05","05","05","06",21,"0","0","3.1.1.1","0","0",,"0","0","2","15","3","0","0","0","0","0",,"0","0","2","15","2","0","0","0","0","0",,"0","0","2","15","1","0","0","0","0","0",,"0","0","2","15","1","0","0","3.1.1.2","0","0",,"1.3","0","4",,,,,,,,,,"1",
"ET20","2","15","08","05","06","05",24,"0","0","0","0","0",,"0","0","2","15","07","08","09","09",33,"0","0","2.1.2.0","0","0",,"0","0","2","15","09","08","09","10",36,"0","0","2.1.3.0","0","0",,"0","0","2","15","4","0","0","0","0","0",,"0","0","2","15","4","0","0","0","0","0",,"0","0","2","15","5","0","0","0","0","0",,"0","0","2","15","4","0","0","0","0","0",,"1.2","0","2","15","5","0","0","0","0","0",,"2.2","0",
"ET22B","2","15","01","01","02","01",5,"0","0","0","0","0",,"0","0","2","15","01","01","02","02",6,"0","0","0","0","0",,"0","0","2","15","03","05","05","04",17,"0","0","0","0","0",,"0","0","2","15","3","0","0","0","0","0",,"1.2","0","2","15","2","0","0","0","0","0",,"1.2","0","2","15","3","0","0","0","0","0",,"0","0","2","15","4","0","0","0","0","0",,"1.2","0","2","15","5","0","0","0","0","0",,"1.2","0","Note labial wear of LNI1, LNI2, and LNC, indicating extramasticatory use of teeth."
"ET23","2","15","01","04","04","01",10,"0","0","0","0","0",,"0","0","2","15","04","04","05","05",18,"0","0","0","0","0",,"0","0","2","15","04","05","05","05",19,"0","0","0","0","0",,"0","0","2","15","2","0","0","0","0","0",,"0","0","2","15","2","0","0","0","0","1",3.98,"0","0","2","15","2","0","0","0","0","0",,"0","0","2","15","3","0","0","0","0","0",,"0","0","2","15","3","0","0","0","0","0",,"0","0",
"ET24B","2","15","01","01","02","02",6,"0","0","0","0","0",,"0","0","2","15","03","03","04","04",14,"0","0","0","0","0",,"0","0","2","15","03","04","05","06",18,"0","0","0","0","0",,"0","0",,,,,,,,,,,,,,,,,,,,,,,,,,,,,,,,,,,,,,,,,,,,,,,,,,,,,,,,
"ET27","2","15","01","01","03","03",8,"0","0","0","0","5",6.19,"0","0","2","15","02","03","04","04",13,"0","0","0","0","0",,"0","0","2","15","05","05","05","06",21,"0","0","0","0","0",,"0","0","2","15","2","0","0","0","0","0",,"0","0","2","15","2","0","0","0","0","0",,"1.1","0","2","15","2","0","0","0","0","1",5.63,"0","0","2","15","3","0","0","0","0","0",,"1.3","0","2","15","4","0","0","0","0","0",,"1.4","0",
"ET31",,,,,,,,,,,,,,,,,,,,,,,,,,,,,,,,,,,,,,,,,,,,,,,,,,,,,,,,,,,,,,,,,,,,"1","05",,,,,,"0",,,"0","1","06",,,,,,"0",,,"0",,,,,,,,,,,,
"ET33","6",,,,,,,,,,,,,,"0","2","15","08","08","08","08",32,"0","0","2.1.3.0","0","0",,"1.4","0","2","15","09","09","09","09",36,"1","0","0","0","0",,"0","1","2","15","6","0","0","2.1.1.0","0","0",,"1.2","0","2","15","6","0","0","3.1.1.1","0","0",,"1.2","0","2","15","5","0","0","0","0","0",,"1.3","0","5",,,,,,,,,,"0","5",,,,,,,,,,"0",
"ET36","1","04",,,,,,,,,,"0",,,"0","1","10",,,,,,,,,,"0",,,"0","2","15","01","01","03","03",8,"0","0","0","0","0",,"0","0",,,,,,,,,,,,,,,,,,,,,,,"8",,,,,,,,,,"0","2","15","1","0","0","0","0","0",,"0","0","2","15","1","0","0","1.1.1.0","0","0",,"0","0",
"ET37",,,,,,,,,,,,,,,,"8",,,,,,,,,,,,,,"0","2","15","01","01","01","01",0,"0","0","0","0","1",4.60,"0","0","1","06",,,,,,,,,"0",,,,,,,,,0.00,,,,,,,,,,,0.00,,,,,,,,,,,,,,"2","15","1","0","0","0","0","5",9.04,"2.2","0",
"ET38","2","15","05","05","05","04",19,"0","0","0","0","0",,"1.1","0","2","15","06","05","06","06",23,"0","0","0","0","0",,"0","0","2","15","06","06","07","07",26,"0","0","0","0","0",,"1.1","0","2","15","4","0","0","0","0","0",,"0","0","2","15","4","0","0","0","0","0",,"1.2","0","2","15","3","0","0","0","0","0",,"1.4","0","2","15","3","0","0","0","0","0",,"2.4","0","2","15","4","0","0","0","0","0",,"2.4","0",
"ET40","3",,,,,,,,,,,,,,"0","4",,,,,,,,,,,,,,"0","2","15","05","05","06","06",22,"2","0","0","0","0",,"0","0","2","15","4","0","0","0","0","0",,"0","0","2","15","4","0","0","0","0","0",,"0","0","2","15","3","0","0","0","0","0",,"1.2","0","2","15","5","0","0","0","0","0",,"2.3","0","4",,,,,,,,,,"0","Distal root of LNM1 has been destroyed by a carious lesion."
"ET41","6",,,,,,,,,,,,,,"0","2","15","05","03","06","06",20,"0","0","0","0","0",,"0","0","2","15","06","04","07","08",25,"0","0","3.1.1.2","0","0",,"0","0","2","15","3","0","0","0","0","0",,"0","0","2","15","2","4","0","0","0","0",,"0","0","2","15","2","0","0","0","0","0",,"1.3","0","5",,,,,,,,,,"0","2","15","5","0","0","0","0","0",,"1.3","0",
"ET43","2","15","04","05","05","04",18,"0","0","0","0","0",,"0","0","2","15","04","05","06","04",19,"1","0","3.1.3.2","0","0",,"0","0","2","15","07","06","08","07",28,"0","0","0","0","0",,"1.2","0","2","15","4","0","0","0","0","0",,"0","0","2","15","3","0","0","0","0","0",,"0","0","2","15","4","0","0","0","0","0",,"0","0","2","15","4","0","0","0","0","0",,"1.4","0","2","15","5","0","0","0","0","0",,"1.1","0",
"ET44","2","15","01","01","02","01",5,"0","0","0","0","0",,"0","0","2","15","02","01","03","03",9,"0","0","0","0","0",,"1.2","0","2","15","05","05","05","05",20,"0","0","0","0","0",,"1.2","0","2","15","3","0","0","0","0","0",,"1.2","0","2","15","2","0","0","0","0","0",,"1.2","0","5",,,,,,,,,,"0","5",,,,,,,,,,"0","5",,,,,,,,,,"0",
"ET45","2","15","01","01","01","01",4,"0","0","0","0","0",,"0","0","2","15","02","02","03","03",10,"0","0","0","0","0",,"0","0","2","15","05","03","05","05",18,"0","0","0","0","0",,"1.2","0","2","15","2","0","0","0","0","0",,"0","0","2","15","1","0","0","0","0","0",,"0","0","2","15","1","0","0","0","0","0",,"0","0","2","15","2","0","0","0","0","0",,"1.1","0","2","15","4","0","0","0","0","0",,"1.3","0",
"ET51","6",,,,,,,,,,,,,,"0","7",,,,,,,"6",,,,,,,"0","2","15","08","07","09","09",33,"2","0","0","0","0",,"0","1","2","15","4","2","0","0","0","0",,"0","0","2","15","5","0","0","0","0","0",,"0","0","2","15","6","0","0","0","0","0",,"1.4","0","2","15","6","7","0","0","0","0",,"1.4","1","2","15","7","7","0","3.1.1.1","0","0",,"1.3","0","LNM1 has two buccal abscesses present, at the two buccal roots (beneath the protoconid and hypoconid).  It's unclear whether the lingual abscess goes with LNI1 or LNI2, but based on the wear, I assume it goes with LNI2."
"ET52","2","15","01","01","01","01",4,"0","0","0","0","0",,"0","0","2","15","02","01","02","01",6,"0","0","0","0","0",,"1.3","0","2","15","02","01","05","04",12,"0","0","0","0","0",,"1.3","0","2","15","1","0","0","0","0","0",,"1.3","0","2","15","1","0","0","0","0","0",,"1.3","0","2","15","2","0","0","0","0","0",,"1.2","0","2","15","2","0","0","0","0","0",,"1.3","0","2","15","3","0","0","0","0","0",,"1.3","0",
"ET57","4",,,,,,,,,,,,,,"0","2","15","06","05","06","06",23,"5","0","0","0","0",,"0","0","2","15","09","09","09","08",35,"5","2","0","0","0",,"0","0","2","15","6","0","0","0","0","0",,"0","0","2","15","5","0","0","3.1.2.1","0","0",,"0","0","2","15","6","0","0","0","0","0",,"1.1","0","2","15","7","0","0","0","0","0",,"1.1","0","2","15","7","0","0","0","0","0",,"0","0","LNM3 not congenitally absent because of presence of an IPCF on the LNM2.  LNM2 root was clearly diseased (buccally), but no clear abscess.  LNM1 appears to have both a root lesion (buccally) and an interproximal one."
"ET58","6",,,,,,,,,,,,,,"0","2","15","02","02","03","03",10,"2","0","2.1.1.0","0","0",,"0","0","2","15","08","07","06","07",28,"2","0","2.2.3.0","3.1.3.1","0",,"0","0","2","15","1","0","0","0","0","0",,"1.2","0","2","15","1","0","0","0","0","0",,"1.2","0","2","15","2","0","0","0","0","0",,"1.4","0","2","15","3","0","0","0","0","0",,"1.3","0","2","15","5","0","0","0","0","0",,"1.3","0",
"ET62","2","15","04","03","06","04",17,"0","0","2.1.3.0","0","0",,"0","9","2","15","05",,,"06",,"6","0","0","0","0",,"0","9","3",,,,,,,,,,,,,,"9","3",,,,,,,,,,"9","3",,,,,,,,,,"9","3",,,,,,,,,,"9","3",,,,,,,,,,"9","3",,,,,,,,,,"9","Because of concretions, it's hard to tell if LNM1-LNI1 are missing or have fallen out antemortem."
"ET63",,,,,,,,,,,,,,,,"1","09",,,,,,,,,,,,,"0","2","11","01","01","01","02",5,"0","0","0","0","0",,"0","0",,,,,,,,,,,,,,,,,,,,,,,,,,,,,,,,,,"8",,,,,,,,,,"0","2","11","1","0","0","0","0","0",,"1.1","0",
"ET64",,,,,,,,,,,,,,,,,,,,,,,,,,,,,,,"1","02",,,,,,,,,,,,,"0",,,,,,,,,,,,,,,,,,,,,,,,,,,,,,,,,,,,,,,,,,,,,"1","04",,,,,,,,,,
"ET67","8",,,,,,,,,,,,,,"0","2","15","01","01","01","01",4,"0","0","0","0","0",,"0","0","2","15","02","01","03","04",10,"0","0","0","0","0",,"0","0","2","15","1","0","0","0","0","0",,"0","0","2","15","1","0","0","0","0","0",,"0","0","5",,,,,,,,,,"0","2","15","1","0","0","0","0","0",,"2.1","0","2","15","1","0","0","0","0","0",,"2.1","0",
"ET68","2","15","04","02","04","04",14,"0","0","0","0","0",,"1.4","0","2","15","05","03","04","05",17,"0","0","0","0","0",,"1.3","0","2","15","06","05","07","07",25,"0","0","2.1.2.0","3.1.1.1","0",,"1.2","0","2","15","3","0","0","3.1.3.1","0","0",,"1.3","0","2","15","4","0","0","0","0","0",,"1.3","0","2","15","2","0","0","0","0","0",,"1.4","0","2","15","3","0","0","0","0","0",,"1.3","0","2","15","4","0","0","0","0","0",,"2.2","0",
"ET69","2","15","01","01","01","01",4,"0","0","0","0","0",,"0","0","2","15","03","01","01","02",7,"0","0","0","0","0",,"0","0","2","15","05","05","05","05",20,"2","0","3.1.1.1","0","0",,"0","0","2","15","2","0","0","0","0","0",,"0","0","2","15","2","0","0","0","0","0",,"0","0","2","15","3","0","0","0","0","0",,"0","0","2","15","4","0","0","0","0","0",,"1.3","0","2","15","5","0","0","0","0","0",,"1.3","0","LNM1 lesion is proximal."
"ET70","3",,,,,,,,,,,,,,"9","4",,,,,,,,,,,,,,"0","4",,,,,,,,,,,,,,"0","2","15","4","0","0","0","0","0",,"1.3","0","2","15","4","0","0","0","0","0",,"1.4","0","2","15","3","0","0","0","0","0",,"1.3","0","2","15","3","0","0","0","0","0",,"2.2","0","2","15","5","0","0","0","0","0",,"2.4","0",
"ET72","4",,,,,,,,,,,,,,"0","2","15","03","03","05","06",17,"0","0","0","0","0",,"1.4","0","2","15","06","05","07","08",26,"0","0","0","0","0",,"1.4","0","2","15","4","0","0","0","0","0",,"1.1","0","2","15","5","0","0","0","0","0",,"1.1","0","2","15","5","0","0","2.2.1.0","0","0",,"1.1","0","4",,,,,,,,,,"1","4",,,,,,,,,,"0",
"ET76","8",,,,,,,,,,,,,,"0","2","15","01","02","02","03",8,"0","0","0","0","0",,"0","0","2","15","02","01","05","04",12,"0","0","0","0","0",,"0","0","2","15","1","0","0","0","0","0",,"0","0","2","15","1","0","0","0","0","0",,"0","0","2","15","1","0","0","0","0","0",,"1.2","0","2","15","2","0","0","0","0","0",,"1.2","0","2","15","4","0","0","0","0","0",,"0","0",
"ET77","2","15","05","05","05","04",19,"0","0","0","0","0",,"0","0","2","15","05","04","04","05",18,"0","0","0","0","0",,"0","0","4",,,,,,,,,,,,,,"0","2","15","7","0","0","0","0","0",,"0","0","2","15","4","0","0","0","0","0",,"0","0","2","15","4","0","0","0","0","0",,"1.2","0","2","15","5","0","0","0","0","0",,"1.4","0","2","15","5","0","0","0","0","0",,"1.4","0","Labial wear on both NP3s."
"ET79","2","15","04","04","04","05",17,"0","0","0","0","0",,"0","0","4",,,,,,,,,,,,,,"0","2","15","09","08","09","09",35,"0","0","0","0","0",,"0","0","2","15","4","0","0","0","0",,,"0","0","2","15","4","0","0","0","0","0",,"0","0","2","15","3","0","0","0","0","0",,"0","0","2","15","3","0","0","0","0","0",,"0","0","2","15","3","0","0","0","0","0",,"1.4","0",
"ET79C",,,,,,,,,,,,,,,,"2","13","01","01","02","01",5,"0","0","0","0","0",,"0","0","2","15","02","02","05","04",13,"0","0","0","0","0",,"0","0","2","15","1","0","0","0","0","0",,"0","0","2","15","1","0","0","0","0","0",,"0","0","5",,,,,,,,,,"0","5",,,,,,,,,,"0","5",,,,,,,,,,"0",
"ET80","2","15","04","03","02","02",11,"0","0","0","0","0",,"1.2","0","2","15","05","05","02","04",16,"0","0","0","0","0",,"0","0","2","15","05","05","06","06",22,"0","0","0","0","0",,"1.4","0","3",,,,,,,,,,"9","3",,,,,,,,,,"9","3",,,,,,,,,,"9","3",,,,,,,,,,"9","3",,,,,,,,,,"9",
"ET82","2","15","04","03","05","04",16,"0","0","0","0","0",,"0","0","2","15","05","04","05","06",20,"0","0","3.1.2.2","0","0",,"0","0","2","15","05","05","06","06",22,"0","0","3.1.2.1","0","0",,"1.1","0","2","15","3","0","0","3.1.2.1","3.1.2.2","0",,"1.4","0","2","15","2","0","0","0","0","0",,"1.4","0","2","15","4","0","0","0","0","0",,"1.4","0","2","15","5","0","0","0","0","0",,"1.4","0","2","15","5","0","0","0","0","0",,"1.4","0",
"ET85","2","15","03","03","05","05",16,"0","0","0","0","0",,"1.4","0","2","15","08","04","08","08",28,"0","0","0","0","0",,"0","0","2","15","08","08","08","09",33,"0","0","1.1.1.0","2.1.1.0","0",,"1.2","0","2","15","4","0","0","0","0","0",,"1.2","0","2","15","4","0","0","0","0","0",,"1.4","0","2","15","3","0","0","0","0","0",,"1.2","0","2","15","3","0","0","0","0","0",,"2.2","0","2","15","5","0","0","0","0","0",,"2.2","0",
"ET87B","3",,,,,,,,,,,,,,"9","4",,,,,,,,,,,,,,"0","4",,,,,,,,,,,,,,"0","4",,,,,,,,,,"0","4",,,,,,,,,,"0","4",,,,,,,,,,"0","4",,,,,,,,,,"0","4",,,,,,,,,,"0",
"ET93","8",,,,,,,,,,,,,,"0","1","06",,,,,,,,,,"0",,,"0","2","15","01","01","03","03",8,"0","0","0","0","0",,"0","0",,,,,,,,,,,,"8",,,,,,,,,,"0","2","15","1","0","0","0","0","0",,"0","0","2","15","1","0","0","0","0","0",,"0","0","2","15","2","0","0","0","0","0",,"1.2","0",
"ET95","3",,,,,,,,,,,,,,"0","5",,,,,,,,,,,,,,"0","4",,,,,,,,,,,,,,"0","2","15","4","0","0","0","0","0",,"0","0","5",,,,,,,,,,"0","5",,,,,,,,,,"0","5",,,,,,,,,,"0","5",,,,,,,,,,"0",
"ET98","2","15","01","03","04","03",11,"0","0","0","0","0",,"0","0","2","15","03","05","05","03",16,"0","0","0","0","0",,"1.2","0","2","15","05","05","05","06",21,"0","0","0","0","0",,"0","0","2","15","3","0","0","0","0","0",,"1.2","0","2","15","2","0","0","0","0","0",,"1.2","0","2","15","1","0","0","0","0","0",,"1.4","0","2","15","1","0","0","0","0","0",,"1.4","0","2","15","3","0","0","0","0","0",,"1.4","0",
"F10A","3",,,,,,0,,,,,,,,,"4",,,,,,0,,,,,,,,,"4",,,,,,0,,,,,,,,,"5",,,,,,,,,,,"4",,,,,,,,,,,"4",,,,,,,,,,,"4",,,,,,,,,,,"4",,,,,,,,,,,"Possible congenital absence of M3 bilaterally.  Unclear if P4 was lost perimortem or postmortem.  M2 alv remodelled, M1 starting to remodel, P3 and C mostly remodelled, Is completely remodelled."
"F10B",,,,,,,0,,,,,,,,,,,,,,,0,,,,,,,,,"2","15","01","01","03","02",7,"0","0","0","0","0",,"0","0",,,,,,,,,,,,,,,,,,,,,,,,,,,,,,,,,,"1","10",,,,,,"0",,,"0","2","12","1","0","0","0","0","0",,"0","0",
"F10C",,,,,,,0,,,,,,,,,"8","04",,,,,0,,,,,,,,,"2","15","01","01","01","01",4,"0",,"0",,"0",,"0","0",,,,,,,,,,,,,,,,,,,,,,,"1","10",,,,,,"0",,,,"2","15","1","0","0","0",,"0",,"0","0","2","15","1","0","0","0",,"0",,"0","0",
"F10D",,,,,,,0,,,,,,,,,,,,,,,0,,,,,,,,,"2","14","01","01","02","01",5,"0","0","0",,"0",,"0","0","2","15","1","0","0","0",,"0",,"0","0","2","15","1","0","0","0",,"0",,"0","0","2","15","1","0","0","0",,"0",,"0","0","2","15","2","0","0","0",,"0",,"0","0",,"15","2","0","0","0",,"0",,"0","0",
"F11A","4",,,,,,0,,,,,,,,"2","2","15","05","05","06","06",22,"0","0","0","0","0",,"1.2","0","2","15","06","06","07","07",26,"0","0","0","0","0",,"1.4","0","2","15","3","0","0","0","0","0",,"1.4","0","5",,,,,,,,,,"0","5",,,,,,,,,,"0","2","15","7","0","0","0","0","0",,"1.4","0","5",,,,,,,,,,"0",
"F11B","2","15","01","01","03","01",6,"0","0","0","0","0",,"1.2","0","2","15","04","03","05","06",18,"0","0","3.1.3.2","0","0",,"1.2","0","2","15","06","04","07","08",25,"0","0","3.1.2.2","0","0",,"1.2","0","2","15","2","0","0","0","0","0",,"2.2","0","2","15","3","0","0","0","0","0",,"2.2","0","2","15","4","0","0","2.1.2.0","0","0",,"2.2","0","2","15","4","0","0","3.1.1.1","0","0",,"2.1","0","2","15","5","0","0","2.2.1.0","3.1.1.1","0",,"2.1","0",
"F11C","6",,,,,,,,,,,,,,"0","2","15","02","02","03","03",10,"0","0","0","0","0",,"0","0","2","15","05","05","05","05",20,"0","0","0","0","0",,"0","0","2","15","1","0","0","0","0","0",,"0","0","2","15","1","0","0","0","0","0",,"0","0","2","15","1","0","0","0","0","0",,"1.1","0","2","15","1","0","0","0","0","0",,"2.1","0","2","15","2","0","0","0","0","0",,"2.1","0",
"F12A","2","15","04","02","03","03",12,"0","0","0","0","0",,"1.2","0","2","15","05","05","05","06",21,"0","0","0","0","0",,"0","0","4",,,,,,0,,,,,,,,"0","2","15","2","0","0","3.1.3.2","0","0",,"0","0","2","15","2","0","0","0","0","0",,"0","0","2","15","3","0","0","0","0","0",,"0","0","2","15","5","0","0","3.1.1.2","3.2.1.1","0",,"1.1","0","2","15","5","0","0","3.2.1.1","3.2.1.2","0",,"0","0","AMTL of both NM1s."
"F13A",,,,,,,0,,,,,,,,,"1","06",,,,,0,,,,,"0",,,"0","5",,,,,,0,,,,,,,,"0",,,,,,,,,,,,,,,,,,,,,,,,,,,,,,,,,,"1","11",,,,,,"0",,,"0","5",,,,,,,,,,"0","Discoloration of anterior teeth.  See photos."
"F13B",,,,,,,0,,,,,,,,,"1","04",,,,,0,,,,,,,,"0","5",,,,,,0,,,,,,,,"0",,,,,,,,,,,,,,,,,,,,,,,,,,,,,,,,,,,,,,,,,,,,,"8",,,,,,,,,,"0",
"F13C","6",,,,,,0,,,,,,,,"0","2","15","04","02","04","05",15,"0","0","2.1.3.0","0","0",,"0","0","2","15","05","04","05","05",19,"0","0","3.1.2.1","3.1.2.2","0",,"0","0","2","15","2","0","0","3.1.3.2","0","0",,"0","0","5",,,,,,,,,,"0","3",,,,,,,,,,"9","3",,,,,,,,,,"9","3",,,,,,,,,,"9","Probable congenital absence of both NM3s, but unsure."
"F1A","1","06",,,,,0,,,,,"0",,,"0","5",,,,,,0,,,,,,,,"0","2","15","02","01","05","04",12,"0","0","0","0","9",,"0","0","2","15","1","0","0","0","0","0",,"0","0","2","15","1","0","0","0","0","4",3.65,"0","0","2","15","2","0","0","0","0","1",5.87,"0","0","2","15","2","0","0","0","0","0",,"0","0","2","15","3","0","0","0","0","0",,"0","0","See photographs of hypoplasias.  LNM1 has definite enamel defects near the occlusal surface of the crown, as does RNM1.  LNP3 has an array of pits distally, but RNP3 is normal."
"F1B","2","15","01","01","02","01",5,"0","0","0","0","0",,"0","0","2","15","02","05","03","03",13,"0","0","0","0","0",,"0","0","2","15","05","06","06","05",22,"0","0","1.1.2.0","0","0",,"0","0","2","15","3","0","0","0","0","1",4.15,"1.2","0","2","15","3","0","0","0","0","0",,"1.2","0","2","15","3","0","0","0","0","1",4.19,"1.2","0","2","15","4","0","0","0","0","0",,"1.2","0","2","15","5","0","0","3.1.1.1","0","0",,"1.2","0",
"F1C","2","15","04","04","04","04",16,"0","0","0","0","0",,"3.4","0","2","15","04","05","05","04",18,"0","0","3.1.1.1","0","0",,"3.4","0","2","15","05","05","06","06",22,"0","0","3.2.1.1","2.1.3.0","0",,"3.4","0","2","15","3","0","0","3.1.3.2","0","0",,"3.4","0","7",,,,,,,,,,"0","5",,,,,,,,,,"0","4",,,,,,,,,,"1","5",,,,,,,,,,"0",
"F1D","1","06",,,,,0,,,,,"0",,,"0","2","15","02","01","01","02",6,"0","0","0","0","0",,"0","0","2","15","02","02","05","04",13,"0","0","0","0","0",,"0","0","2","15","1","0","0","3.1.2.2","0","0",,"0","0","2","15","1","0","0","0","0","0",,"0","0","2","15","2","0","0","0","0","0",,"0","0","2","15","1","0","0","0","0","0",,"0","0","2","15","2","0","0","0","0","0",,"1.1","0","LNM3 is present in crypt."
"F3B","3",,,,,,0,,,,,,,,,"3",,,,,,0,,,,,,,,,"3",,,,,,0,,,,,,,,,"3",,,,,,,,,,,"3",,,,,,,,,,,"3",,,,,,,,,,,"3",,,,,,,,,,,"3",,,,,,,,,,,
"F3C","2","15","06","04","04","04",18,"0","0","0","0","0",,"1.3","0","2","15","07","05","09","08",29,"0","0","0","0","0",,"0","0","2","15","08","07","09","08",32,"0","0","0","0","0",,"1.4","0","2","15","4","0","0","0","0","0",,"1.2","0","5",,,,,,,,,,"0","5",,,,,,,,,,"0","5",,,,,,,,,,"0","4",,,,,,,,,,"0","All alveoli show evidence of resorption and shortening; it is unclear how many teeth were lost antemortem.  All teeth coded as 5 have open alveoli but significantly shortened or with evidence of remodelling (except LNI1, which is healed.)"
"F4A","3",,,,,,0,,,,,,,,"9","2","15","01","01","01","01",4,"0","0","0",,"0",,"0","0","2","15","01","01","03","04",9,"0","0","0",,"0",,"0","0","2","15","1","0","0","0",,"0",,"0","0","2","15","2","0","0","3.1.2.1",,"0",,"0","0","2","15","1","0","0","0",,"0",,"0","0","3",,,,,,,,,,"9","3",,,,,,,,,,"9","Chipping on LNP3 appears curved and worn."
"F4B","4",,,,,,0,,,,,,,,"0","2","15","04","05","07","07",23,"0","0","3.2.1.2","0","0",,"0","0","2","15","04","08","08","08",28,"0","0","0","0","0",,"0","0","5",,,,,,,,,,"0","2","15","4","0","0","0","0","0",,"0","0","5",,,,,,,,,,"0","5",,,,,,,,,,"0","4",,,,,,,,,,"0",
"F4C","2","11","01","01","01","01",4,"0","0","0","0","0",,"0","0","2","15","01","02","02","01",6,"2","0","0","0","0",,"1.2","0","2","15","02","02","04","03",11,"2","0","0","0","0",,"2.4","0","2","15","1","0","0","0","0","0",,"2.4","0","2","15","1","0","0","0","0","0",,"1.5","0","2","15","2","0","0","0","0","0",,"1.1","0","2","15","2","0","0","0","0","0",,"1.1","0","2","15","3","0","0","3.1.1.2","0","0",,"1.4","0",
"F5A","6",,,,,,,,,,,,,,"0","2","15","02","01","03","03",9,"0","0","0","0","0",,"0","0","2","15","04","04","06","06",20,"0","0","0","0","0",,"0","0","2","15","2","0","0","0","0","0",,"0","0","2","15","2","0","0","0","0","0",,"0","0","2","15","4","0","0","0","0","0",,"0","0","2","15","4","0","0","0","0","0",,"1.2","0","2","15","5","0","0","0","0","0",,"1.2","0",
"F6E","4",,,,,,0,,,,,,,,"0","4",,,,,,0,,,,,,,,"0","2","15","03","03","04","04",14,"0","0","0","0","0",,"1.4","0","2","15","5","0","0","0","0","0",,"1.4","0","2","15","6","2","0","2.1.2.0","0","0",,"0","0","5",,,,,,,,,,"0","5",,,,,,,,,,"0","2","15","8","2","0","0","0","0",,"0","1",
"F7B","2","13","01","01","01","01",4,"0","0","0","0","0",,"0","0","2","15","01","01","03","03",8,"0","0","0","0","0",,"0","0","2","15","04","03","06","05",18,"0","0","0","0","0",,"0","0","2","15","1","0","0","0","0","0",,"0","0","2","15","1","0","0","0","0","0",,"0","0","2","15","1","0","0","0","0","0",,"0","0","5",,,,,,,,,,"0","5",,,,,,,,,,"0",
"F9B",,,,,,,,,,,,,,,,,,,,,,,,,,,,,,,"1","04",,,,,,,,,,,,,"0",,,,,,,,,,,,,,,,,,,,,,,,,,,,,,,,,,,,,,,,,,,,,,,,,,,,,,,,
"F9C","2","15","01","01","01","01",4,"0","0","0","0","0",,"0","0","2","15","01","01","02","02",6,"0","0","0","0","0",,"0","0","2","15","01","01","03","03",8,"1","0","0","0","0",,"0","0","2","15","1","0","0","0","0","0",,"0","0","2","15","1","0","0","0","0","0",,"0","0","2","15","1","0","0","1.1.1.0","0","0",,"0","0","2","15","1","0","0","0","0","0",,"1.2","0","2","15","2","0","0","0","0","5",6.75,"1.4",,"LNM1 could just be a pit, but it looks like a small occlusal carious lesion to me.  Single pit on the LNI1, probable hypoplasia."
"T10","6",,,,,,,,,,,,,,"0","2","15","05","05","05","05",20,"0","0","0","0","0",,"0","0","2","15","05","05","06","06",22,"0","0","3.1.1.2","0","0",,"0","0","2","15","4","0","0","3.1.3.2","0","0",,"0","0","2","15","2","0","0","0","0","1",3.62,"1.3","0","2","15","3","0","0","0","0","1",2.63,"1.3","0","2","15","3","0","0","0","0","0",,"2.4","0","2","15","3","0","0","3.1.1.1","3.1.1.2","0",,"2.4","0",
"T11","8",,,,,,,,,,,,,,"0","2","15","01","01","02","01",5,"0","0","0","0","0",,"0","0","2","15","01","01","03","03",8,"0","0","0","0","0",,"0","0","2","15","1","0","0","0","0","0",,"0","0","2","15","1","0","0","0","0","0",,"0","0","2","15","1","0","0","0","0","1",2.66,"0","0","2","15","1","0","0","0","0","0",,"1.4","0","2","15","2","0","0","0","0","0",,"1.4","0","NM3s are not in occlusion and can barely be seen through a hole in the alveolus."
"T12","3",,,,,,0,,,,,,,,"9","2","15","03","01","01","03",8,"0","0","0","0","0",,"0","9","2","15","01","01","04","04",10,"0","0","3.1.3.2","0","0",,"0","9","2","15","1","0","0","0","0","0",,"0","9","2","15","1","0","0","0","0","0",,"0","9","2","15","3","0","0","0","0","0",,"0","0","2","15","3","0","0","0","0","0",,"0","0","2","15","4","0","0","0","0","0",,"1.1","0","Chip on LNM1 is the fifth cusp; most of it is chipped and obviously worn."
"T13","2","15","04","06","06","04",20,"0","0","0","0","0",,"1.3","0","2","15","05","06","07","07",25,"0","0","3.1.3.1","0","0",,"1.1","0","7","15",,,,,,"6",,"3.1.2.2","0","0",,"0","1","2","15","6","2","0","0","0","0",,"0","0","2","15","5","0","0","3.2.3.1","0","0",,"0","0","2","15","4","0","0","3.1.1.1","0","0",,"1.3","0","2","15","4","0","0","3.1.1.1","0","0",,"1.3","0","2","15","5","0","0","3.1.2.2","0","0",,"1.4","0",
"T14","2","15","01","01","01","01",4,"0","0","0","0","0",,"0","0","2","15","03","02","03","03",11,"0","0","0","0","0",,"0","0","2","15","04","04","05","04",17,"0","0","0","0","0",,"0","0","2","15","2","0","0","0","0","0",,"0","0","2","15","1","0","0","0","0","0",,"0","0","2","15","2","0","0","0","0","0",,"0","0","2","15","2","0","0","0","0","0",,"0","0","2","15","3","0","0","0","0","0",,"0","0",
"T15","2","15","03","04","03","02",12,"0","0","0","0","0",,"0","0","2","15","03","04","04","04",15,"0","0","0","0","0",,"0","0","2","15","04","05","07","05",21,"0","0","1.1.1.0","0","0",,"1.2","0","2","15","2","0","0","0","0","0",,"1.2","0","2","15","2","0","0","0","0","0",,"1.2","0","2","15","3","0","0","0","0","0",,"2.2","0","2","15","5","0","0","0","0","0",,"2.2","0","2","15","5","0","0","0","0","0",,"2.2","0",
"T16","4",,,,,,,,,,,,,,"0","2","15","07","06","05","06",24,"0","0","0","0","0",,"0","0","4",,,,,,,,,,,,,,"0","4",,,,,,,,,,"0","2","14","4","0","0","0","0","0",,"1.2","9","2","14","4","2","0","0","0","0",,"0","9","3",,,,,,,,,,"9","3",,,,,,,,,,"9",
"T18","2","15","02","01","01","02",6,"0","0","0","0","0",,"0","0","2","15","01","02","03","03",9,"2","0","0","0","0",,"0","0","4",,,,,,,,,,,,,,"0","2","15","2","0","0","0","0","0",,"0","0","2","15","1","0","0","0","0","0",,"0","0","2","15","1","0","0","0","0","0",,"0","0","2","15","2","0","0","0","0","0",,"0","0","2","15","3","0","0","0","0","0",,"0","0",
"T19","2","15","03","04","06","03",16,"2","0","0","0","0",,"0","0","2","15","06","06","06","06",24,"2","0","0","0","0",,"0","0","2","15","08","05","06","07",26,"0","0","2.1.1.0","0","0",,"0","9","2","15","4","0","0","3.1.1.1","0","0",,"1.1","0","2","15","3","0","0","3.1.1.1","0","0",,"1.4","0","2","15","4","0","0","0","0","0",,"1.2","0","2","15","5","0","0","0","0","0",,"1.2","0","2","15","5","0","0","0","0","0",,"1.4","0","LNM3 lesion is large but obviously originated interproximally (mesial).  LNM2 lesion is distal."
"T20",,,,,,,,,,,,,,,,"1","10",,,,,,,,,,"0",,,"9","2","15","05","04","02","01",12,"0","0","0","0","0",,"0","0",,,,,,,,,,,,"1","10",,,,,,"0",,,"0","1","11",,,,,,"0",,,"9","2","15","1","0","0","0","0","0",,"0","9","2","15","2","0","0","0","0","0",,"0","9",
"T21","2","15","01","01","01","01",4,"0","0","0","0","0",,"0","0","2","15","01","01","03","03",8,"0","0","0","0","0",,"0","0","2","15","02","02","05","05",14,"0","0","0","0","0",,"0","0","2","15","1","0","0","0","0","0",,"0","0","2","15","1","0","0","0","0","0",,"0","0","2","15","1","0","0","0","0","0",,"0","0","2","15","2","0","0","0","0","0",,"0","0","2","15","3","0","0","0","0","0",,"0","0",
"T22","2","15","02","01","05","02",10,"0","0","0","0","0",,"0","0","2","14","02","01","04","03",10,"0","0","0","0","0",,"0","9","2","14","05","05","06","04",20,"0","0","0","0","0",,"0","9","2","14","3","0","0","0","0","0",,"0","9","2","14","3","0","0","0","0","0",,"0","9","2","14","3","0","0","0","0","0",,"0","9","2","14","3","0","0","0","0","0",,"1.3","9","2","14","3","0","0","2.1.1.0","0","0",,"1.3","9",
"T23","2","15","01","01","01","01",4,"0","0","0","0","0",,"0","0","2","15","01","01","03","03",8,"0","0","0","0","0",,"1.2","0","2","15","02","02","05","04",13,"0","0","0","0","0",,"1.2","0","2","15","1","0","0","0","0","0",,"1.2","0","2","15","2","0","0","0","0","0",,"1.2","0","2","15","1","0","0","1.1.2.0","0","0",,"1.2","0","2","15","2","0","0","3.1.1.1","0","0",,"2.4","0","2","15","4","0","0","1.1.1.0","0","0",,"1.4","0",
"T24","2","15","09","09","09","09",36,"0","0","0","0","0",,"0","0","2","15","03","02","04","04",13,"0","0","0","0","0",,"0","0","2","15","04","06","08","05",23,"2","0","0","0","0",,"0","0","2","15","4","2","0","0","0","0",,"0","9","2","15","4","0","0","0","0","0",,"0","9","2","15","4","0","0","3.1.2.2","0","0",,"0","0","2","15","5","0","0","0","0","0",,"1.2","0","2","15","6","0","0","0","0","0",,"1.3","0","LNM1 lesion is mesial, LNP4 is distal."
"T26","3",,,,,,,,,,,,,,"9","3",,,,,,,,,,,,,,"9","3",,,,,,,,,,,,,,"9","3",,,,,,,,,,"9","3",,,,,,,,,,"9","3",,,,,,,,,,"9","3",,,,,,,,,,"9","3",,,,,,,,,,"9",
"T27","3",,,,,,,,,,,,,,"9","3",,,,,,,,,,,,,,"9","3",,,,,,,,,,,,,,"9","3",,,,,,,,,,"9","3",,,,,,,,,,"9","2","15","3","0","0","0","0","0",,"0","9","3",,,,,,,,,,"9","2","15","5","0","0","0","0","0",,"0","9",
"T28","6",,,,,,,,,,,,,,"0","2","15","04","04","03","05",16,"0","0","0","0","0",,"0","0","2","15","04","05","05","05",19,"0","0","2.1.2.0","0","0",,"0","0","2","15","2","0","0","0","0","0",,"0","0","2","15","2","0","0","0","0","0",,"0","0","2","15","3","0","0","0","0","0",,"0","0","2","15","2","0","0","3.1.1.1","0","0",,"2.2","0","2","15","5","0","0","0","0","0",,"2.4","0",
"T29",,,,,,,0,,,,,,,,,,,,,,,0,,,,,,,,,"1","06",,,,,0,,,,,"0",,,,,,,,,,,,,,,"1","04",,,,,,,,,,"1","05",,,,,,,,,,"1","06",,,,,,"0",,,,"1","06",,,,,,"0",,,,
"T30","2","14","04","04","04","04",16,"0","0","1.2.1.0","0","0",,"0","9","4",,,,,,,,,,,,,,"0","2","15","06","05","06","07",24,"0","0","0","0","0",,"0","0","2","15","3","0","0","3.1.1.2","0","0",,"0","0","2","15","3","0","0","0","0","0",,"0","0","2","15","4","0","0","0","0","0",,"0","0","2","15","4","0","0","1.2.1.0","2.2.1.0","0",,"0","9","2","15","5","0","0","0","0","0",,"1.3","9","LNM1 might have two medium interproximal distal chips, but it's hard to tell if they're worn chips or just wear.  Not scored as chips.  NM3s are peg-shaped, almost like premolars."
"T31","2","15","06","06","06","05",23,"0","0","2.1.1.0","0","0",,"0","0","4",,,,,,0,,,,,,,,"0","2","15","09","05","08","08",30,"0","0","0","0","0",,"0","0","8",,,,,,,,,,"0","2","15","3","0","0","3.1.2.2","0","0",,"0","0","8",,,,,,,,,,"0","8",,,,,,,,,,"0","8",,,,,,,,,,"0","Tooth roots remain in sockets, but crowns are broken, damaged, and crumble when you touch them.  All 8's indicate teeth present in roots but with unobservable crowns."
"T32","1","06",,,,,,,,,,"0",,,"0","2","15","01","01","01","02",5,"0","0","0","0","0",,"1.4","0","2","15","01","01","03","03",8,"0","0","0","0","0",,"0","0","2","15","1","0","0","0","0","0",,"1.4","0","2","15","1","0","0","0","0","0",,"1.4","0","2","15","1","0","0","0","0","0",,"2.1","0","2","15","2","0","0","0","0","1",5.29,"2.4","0","2","15","2","0","0","0","0","1",4.27,"2.4","0",
"T33","6",,,,,,,,,,,,,,"0","2","15","06","04","05","05",20,"0","0","1.1.1.0","2.1.1.0","0",,"0","0","4",,,,,,,,,,,,,,"0","2","15","3","0","0","3.1.1.1","0","0",,"0","0","2","15","3","0","0","0","0","0",,"0","0","2","15","3","0","0","0","0","0",,"0","0","2","15","4","0","0","1.1.2.0","0","0",,"1.1","0","2","15","5","0","0","3.1.1.1","0","0",,"1.1","0",
"T34","2","15","04","03","04","03",14,"0","0","0","0","0",,"1.4","0","2","15","04","03","05","05",17,"0","0","0","0","0",,"0","0","2","15","03","05","06","05",19,"0","0","0","0","0",,"0","0","2","15","3","0","0","3.1.2.1","0","0",,"0","0","2","15","3","0","0","0","0","0",,"1.3","9","2","15","3","0","0","0","0","0",,"0","9","2","15","5","0","0","0","0","0",,"0","9","2","15","5","0","0","1.1.1.0","0","0",,"0","9",
"T35","6",,,,,,0,,,,,,,,"0","2","15","02","02","03","03",10,"0","0","0","0","0",,"0","0","2","15","04","03","05","05",17,"0","0","0","0","0",,"0","0","2","15","2","0","0","0","0","0",,"0","0","2","15","2","0","0","0","0","0",,"0","0","2","15","2","0","0","0","0","0",,"1.2","0","2","15","2","0","0","0","0","0",,"1.4","0","2","15","2","0","0","0","0","0",,"1.4","0",
"T36","3",,,,,,,,,,,,,,"9","2","15","01","01","02","03",7,"0","0","0","0","0",,"0","0","2","15","01","02","04","04",11,"0","0","0","0","0",,"0","0","2","15","1","0","0","0","0","0",,"0","0","2","15","1","0","0","0","0","0",,"0","0","2","15","1","0","0","0","0","0",,"0","0","2","15","1","0","0","0","0","0",,"1.1","0","2","15","2","0","0","0","0","0",,"1.1","0",
"T37","2","15","04","04","04","04",20,"0","0","3.2.1.2","2.1.3.0","0",,"0","0","2","15","04","04","05","05",22,"0","0","3.1.1.1","0","0",,"1.3","0","2","15","06","05","06","07",24,"0","0","2.1.1.0","0","0",,"2.3","0","2","15","3","0","0","1.1.3.0","0","0",,"2.2","0","2","15","2","0","0","0","0","0",,"2.4","0","2","15","4","0","0","0","0","0",,"2.4","0","2","15","5","0","0","0","0","0",,"2.4","9","2","15","5","0","0","0","0","0",,"2.4","9",
"T38","2","15","03","03","03","03",12,"0","0","0","0","0",,"3.4","0","2","15","04","03","03","03",13,"0","0","0","0","0",,"3.4","0","2","15","04","03","04","05",16,"2","0","0","0","0",,"3.4","9","2","15","2","0","0","0","0","0",,"3.1","0","2","15","2","0","0","0","0","0",,"2.4","9","2","15","3","0","0","0","0","0",,"1.4","9","2","15","4","0","0","0","0","0",,"2.3","9","2","15","4","0","0","0","0","0",,"1.4","9","LNM1 carious lesion is inteproximal distal and large (5th cusp is gone)."
"T39","1","11",,,,,,,,,,"0",,,"9","2","15","02","01","01","01",5,"0","0","0","0","0",,"1.2","9","2","15","04","04","01","02",11,"0","0","0","0","0",,"0","9","2","15","2","0","0","0","0","0",,"0","9","2","15","2","0","0","3.1.1.2","0","0",,"1.3","9","2","15","2","0","0","0","0","0",,"0","0","2","15","4","0","0","0","0","0",,"1.4","0","7","15",,,,,,,,"1.4","9","NI1s are both broken mid-crown."
"T41","1","10",,,,,,,,,,"0",,,"9","2","15","01","01","03","03",8,"0","0","0","0","0",,"0","9","2","15","02","02","05","04",13,"0","0","0","0","0",,"0","9","3",,,,,,,,,,"9","3",,,,,,,,,,"9","3",,,,,,,,,,"9","3",,,,,,,,,,"9","3",,,,,,,,,,"9",
"T42","6",,,,,,0,,,,,,,,"0","2","15","02","02","03","03",10,"0","0","0","0","0",,"1.2","0","2","15","06","02","04","05",17,"0","0","0","0","0",,"1.2","0","2","15","1","0","0","0","0","0",,"0","0","2","15","2","0","0","0","0","0",,"1.1","0","7",,,,,,,,,,"0","5",,,,,,,,,,"0","2","15","5","0","0","0","0","0",,"0","0",
"T45","1","08",,,,,,,,,,"0",,,"9","2","12","01","01","01","01",4,"0","0","0","0","0",,"0","9","2","15","01","01","03","03",8,"0","0","0","0","0",,"0","9","2","15","1","0","0","0","0","1",2.75,"0","9","2","15","1","0","0","0","0","0",,"0","9","2","15","1","0","0","0","0","0",,"0","9","2","15","2","0","0","0","0","0",,"0","9","2","15","3","0","0","0","0","0",,"0","9",
"T46",,,,,,,0,,,,,,,,,,,,,,,0,,,,,,,,,,,,,,,0,,,,,,,,,,,,,,,,,,,,,,,,,,,,,,,"1","05",,,,,,"0",,,"9",,,,,,,,,,,,,,,,,,,,,,,
"T47","2","15","02","02","03","03",10,"0","0","2.1.2.0","0","0",,"0","0","2","15","02","02","03","03",10,"0","0","0","0","0",,"0","0","2","15","05","05","06","05",21,"0","0","0","0","0",,"0","0","2","15","2","0","0","0","0","0",,"0","0","2","15","2","0","0","0","0","0",,"0","0","2","15","2","0","0","0","0","0",,"1.1","0","2","15","3","0","0","3.1.1.1","0","0",,"1.1","0","2","15","3","0","0","0","0","0",,"1.1","0",
"T48","2","15","01","01","01","01",4,"0","0","0","0","0",,"0","9","2","15","04","02","05","00",,"0","0","0","0","0",,"0","9","2","15","05","03","05","06",19,"0","0","0","0","0",,"0","9","2","15","2","0","0","0","0","0",,"0","9","2","15","1","0","0","0","0","0",,"0","9","2","15","2","0","0","0","0","0",,"0","9","2","15","3","0","0","0","0","0",,"1.2","9","2","15","5","0","0","0","0","0",,"0","9",
"T49","2","15","04","04","03","03",14,"0","0","3.1.1.1","0","0",,"0","9","2","15","02","03","06","06",17,"0","0","3.2.1.2","0","0",,"0","9","2","15","06","06","06","06",24,"0","0","0","0","0",,"0","9","3",,,,,,,,,,"9","2","15","4","0","0","3.1.1.1","0","1",3.71,"0","9","3",,,,,,,,,,"9","2","15","3","0","0","0","0","0",,"0","9","2","15","5","0","0","0","0","0",,"0","9",
"T50","2","15","01","01","03","01",6,"0","0","0","0","0",,"0","0","2","15","02","02","03","04",10,"0","0","0","0","0",,"1.3","0","2","14","04","03","05","05",17,"0","0","0","0","0",,"1.3","0","2","14","2","0","0","0","0","0",,"1.3","9","2","15","1","0","0","0","0","0",,"0","0","3",,,,,,,,,,"9","3",,,,,,,,,,"9","2","14","4","0","0","0","0","0",,"2.2","0","LNI1 has calculus all around the crown, including interproximally, but it is heaviest on the distal-lingual aspect."
"T53","2","15","04","03","03","03",13,"0","0","0","0","0",,"0","0","2","15","04","03","04","04",15,"0","0","0","0","0",,"0","0","2","15","05","05","06","06",22,"2","0","0","0","0",,"0","0","2","15","2","0","0","0","0","0",,"1.3","0","2","15","2","0","0","0","0","0",,"1.2","0","2","15","2","0","0","0","0","0",,"1.3","0","2","15","2","0","0","0","0","0",,"1.3","0","2","15","3","0","0","0","0","0",,"1.4","0",
"T55",,,,,,,,,,,,,,,,"1","04",,,,,,,,,,,,,"9","1","10",,,,,,,,,,"0",,,"9",,,,,,,,,,,,,,,,,,,,,,,,,,,,,,,,,,,,,,,,,,,,,,,,,,,,,,,,
"T56","1","10",,,,,,,,,,"0",,,"0","2","15","01","01","01","01",4,"0","0","0","0","0",,"0","0","2","15","01","01","04","03",9,"2","0","0","0","0",,"0","0","2","15","1","2","0","0","0","0",,"0","0","2","15","1","0","0","0","0","0",,"0","0","2","15","2","0","0","0","0","0",,"1.3","0","2","15","2","0","0","0","0","0",,"1.1","0","2","15","3","0","0","0","0","0",,"1.1","0","LNIs also have a little lingual calculus, but there is more labial calculus."
"T57","5",,,,,,,,,,,,,,"0","2","15","07","03","03","02",15,"2","0","0","0","0",,"0","0","4",,,,,,,,,,,,,,"0","4",,,,,,,,,,"0","2","15","7","0","0","0","0","0",,"0","0","2","15","7","0","0","0","0","0",,"0","1","2","15","8","0","0","0","0","0",,"0","9","2","15","8","0","0","0","0","0",,"0","9",
"T59","3",,,,,,,,,,,,,,"9","3",,,,,,,,,,,,,,"9","2","15","05","06","09","09",29,"0","0","0","0","0",,"0","9","7",,,,,,,,,,"0","2","15","5","0","0","0","0","0",,"0","9","2","15","6","0","0","0","0","0",,"0","0","2","15","6","0","0","0","0","0",,"0","0","7",,,,,,,,,,"0",
"T60A",,,,,,,,,,,,,,,,,,,,,,,,,,,,,,,"1","03",,,,,,,,,,,,,"0",,,,,,,,,,,,,,,,,,,,,,,,,,,,,,,,,,,,,,,,,,,,,,,,,,,,,,,,
"T60B",,,,,,,,,,,,,,,,,,,,,,,,,,,,,,,"1","06",,,,,,,,,,"0",,,"0",,,,,,,,,,,,,,,,,,,,,,,,,,,,,,,,,,,,,,,,,,,,,,,,,,,,,,,,
"T61","3",,,,,,,,,,,,,,"9","2","15","08","08","08","08",32,"0","0","0","0","0",,"0","9","3",,,,,,,,,,,,,,"9","3",,,,,,,,,,"9","2","15","4","0","0","0","0","0",,"0","9","3",,,,,,,,,,"9","3",,,,,,,,,,"9","3",,,,,,,,,,"9",
"T62",,,,,,,,,,,,,,,,"1","09",,,,,,,,,,"0",,,"9","2","13","02","02","01","01",6,"0","0","0","0","0",,"0","9","1","09",,,,,,"0",,,"9","1","09",,,,,,"0",,,"9","1","10",,,,,,"0",,,"9","2","12","1","0","0","0","0","0",,"0","9","2","12","2","0","0","0","0","0",,"1.1","9",
"T63A","3",,,,,,,,,,,,,,"9","3",,,,,,,,,,,,,,"9","3",,,,,,,,,,,,,,"9","1","10",,,,,,"0",,,"9","1","10",,,,,,"0",,,"9","1","11",,,,,,"1",4.43,,"9","3",,,,,,,,,,"9","3",,,,,,,,,,"9",
"T63B","3",,,,,,,,,,,,,,"9","3",,,,,,,,,,,,,,"9","2","15","02","02","05","03",12,"0","0","0","0","0",,"0","9","3",,,,,,,,,,"9","3",,,,,,,,,,"9","3",,,,,,,,,,"9","2","15","2","0","0","3.1.2.2","0","1",4.96,"0","9","2","15","3","0","0","0","0","1",4.33,"0","9",
"T66","3",,,,,,,,,,,,,,"9","2","15","09","09","09","08",35,"0","0","3.2.1.2","0","0",,"0","9","3",,,,,,,,,,,,,,"9","4",,,,,,,,,"1.1","0","2","15","6","0","0","0","0","0",,"0","0","2","15","4","0","0","0","0","0",,"1.3","0","5",,,,,,,,,,"0","5",,,,,,,,,,"0",
"T67","2","15","04","06","04","04",18,"0","0","2.1.1.0","0","0",,"0","0","2","15","04","02","03","04",13,"0","0","0","0","0",,"0","0","2","15","03","02","06","04",15,"0","0","0","0","0",,"0","0","2","15","3","0","0","0","0","0",,"0","0","2","15","2","0","0","0","0","0",,"0","0","2","15","4","0","0","0","0","0",,"0","0","2","15","4","0","0","2.1.2.0","0","0",,"0","0","2","15","5","0","0","0","0","0",,"0","0",
"T68A","3",,,,,,0,,,,,,,,"9","3",,,,,,0,,,,,,,,"9","3",,,,,,0,,,,,,,,"9","3",,,,,,,,,,"9","3",,,,,,,,,,"9","3",,,,,,,,,,"9","5",,,,,,,,,,"0","5",,,,,,,,,,"0",
"T69A","2","15","06","04","04","04",18,"0","0","0","0","0",,"1.4","0","2","15","07","05","06","06",24,"0","0","0","0","0",,"1.4","0","2","15","05","04","05","05",19,"0","0","0","0","0",,"1.3","0","2","15","2","0","0","0","0","0",,"1.3","0","2","15","2","0","0","0","0","0",,"1.4","0","6",,,,,,,,,,"0","2","15","5","0","0","0","0","0",,"2.2","0","5",,,,,,,,,,"0","Unsure if LNC is present in the mandibular bone or not.  I can see the RNC unerupted through the bone.  In place of LNC is the dLNC.  Molar wear totals are correct.  LNM1 is significantly less worn than LNM2 and LNM3."
"T7","6",,,,,,,,,,,,,,"0","2","15","06","03","06","06",21,"0","0","2.1.3.0","0","0",,"1.4","9","2","15","06","06","09","08",29,"0","0","3.2.1.2","2.1.1.0","0",,"1.4","0","2","15","4","0","0","0","0","0",,"1.1","0","2","15","4","0","0","2.1.3.0","0","0",,"1.4","0","2","15","5","0","0","0","0","0",,"2.4","0","2","15","5","0","0","2.2.1.0","0","0",,"1.4","0","2","15","5","0","0","2.2.1.0","0","0",,"0","0",
"T70",,,,,,,,,,,,,,,,"8",,,,,,0,,,,,,,,,"2","15","01","01","01","02",5,"0","0","0","0","0",,"0","0",,,,,,,,,,,,,,,,,,,,,,,,,,,,,,,,,,"8",,,,,,,,,,"0","8",,,,,,,,,,"0","LNIs can be barely seen through eruption openings in the mandible."
"T71",,,,,,,,,,,,,,,,"1","04",,,,,,,,,,,,,"9","1","07",,,,,,,,,,"0",,,"9","1","04",,,,,,,,,"9","1","05",,,,,,,,,"9","1","06",,,,,,"0",,,"9","1","09",,,,,,"0",,,"9","1","09",,,,,,"0",,,"9",
"T72","1","04",,,,,,,,,,,,,"9","2","15","01","02","02","01",6,"0","0","0","0","0",,"0","9","2","15","02","02","05","04",13,"0","0","0","0","0",,"0","9","2","15","1","0","0","0","0","0",,"0","9","2","15","1","0","0","0","0","1",5.01,"0","9","2","15","1","0","0","0","0","1",4.58,"0","9","3",,,,,,,,,,"9","3",,,,,,,,,,"9",
"T73","3",,,,,,,,,,,,,,"9","2","15","04","03","04","04",15,"2","0","0","0","0",,"0","0","4",,,,,,,,,,,,,,"0","2","15","3","2","0","1.1.1.0","0","0",,"0","0","2","15","2","0","0","0","0","0",,"1.2","0","2","15","4","0","0","0","0","0",,"0","0","2","15","3","0","0","0","0","0",,"0","0","2","15","4","0","0","3.1.2.2","3.1.2.1","0",,"2.1","0","Possible congenital absence of M3s, but it is unclear."
"T75","8",,,,,,,,,,,,,,"0","2","15","01","01","01","01",4,"0","0","0","0","0",,"0","0","2","15","02","02","04","02",10,"1","0","0","0","0",,"0","0","2","15","1","0","0","0","0","0",,"1.1","0","2","15","1","0","0","0","0","0",,"1.1","0","2","15","1","0","0","0","0","0",,"1.1","0","2","15","1","0","0","0","0","0",,"1.1","0","2","15","2","0","0","3.1.1.1","0","0",,"1.1","0",
"T76","2","15","01","02","04","03",10,"0","0","0","0","0",,"0","0","2","15","04","04","05","05",18,"0","0","0","0","0",,"0","0","2","15","05","05","06","06",22,"0","0","0","0","0",,"1.1","0","2","15","3","0","0","0","0","0",,"0","0","2","15","3","0","0","0","0","0",,"0","0","2","15","2","0","0","0","0","1",2.93,"0","0","2","15","2","0","0","0","0","0",,"1.1","0","2","15","2","0","0","0","0","0",,"1.1","0",
"T77","3",,,,,,,,,,,,,,"9","2","15","03","03","01","02",9,"0","0","0","0","0",,"0","9","2","15","05","02","05","05",17,"0","0","0","0","0",,"0","0","2","15","2","0","0","0","0","0",,"0","0","2","15","3","0","0","0","0","0",,"0","0","3",,,,,,,,,,"9","3",,,,,,,,,,"9","2","15","5","0","0","0","0","0",,"2.1","9","Incisor could be a lateral, but based on wear and calculus formation, I'm fairly certain it's a central incisor."
"T8",,,,,,,,,,,,,,,,"1","07",,,,,,,,,,"0",,,"0","2","15","02","01","02","02",7,"0","0","0","0","0",,"0","0",,,,,,,,,,,,,,,,,,,,,,,,,,,,,,,,,,,,,,,,,,,,,"2","11","1","0","0","0","0","0",,"0","0",
"T80","1","10",,,,,0,,,,,"0",,,"0","2","15","01","01","01","01",4,"0","0","0","0","0",,"0","0","2","15","01","01","04","03",9,"0","0","0","0","0",,"0","0","2","15","1","0","0","0","0","0",,"0","0","2","15","1","0","0","0","0","0",,"0","0","2","15","1","0","0","0","0","0",,"0","0","2","15","2","0","0","0","0","0",,"0","0","2","15","2","0","0","0","0","0",,"0","9",
"T81","2","15","01","01","01","01",4,"0","0","0","0","0",,"0","0","2","15","01","01","03","02",7,"0","0","4.1.2.0","2.1.1.0","0",,"1.4","0","2","15","03","03","05","05",16,"0","0","0","0","0",,"1.2","0","2","15","1","0","0","0","0","0",,"0","0","2","15","1","0","0","0","0","0",,"0","0","2","15","2","0","0","0","0","0",,"1.3","0","2","15","2","0","0","0","0","0",,"2.4","0","2","15","3","0","0","0","0","0",,"2.4","0","LNM2 has an occlusal chip."
"T82A","2","15","04","05","04","04",17,"4","0","0","0","0",,"0","0","2","15","05","05","06","06",22,"5","0","0","0","0",,"0","0","2","15","08","08","08","08",32,"0","0","3.1.1.1","0","0",,"0","0","2","15","3","0","0","0","0","0",,"1.2","0","2","15","2","4","0","0","0","0",,"0","0","2","15","2","0","0","0","0","0",,"2.2","0","2","15","4","0","0","0","0","0",,"1.2","0","2","15","5","0","0","0","0","0",,"1.1","0",
"T82B","2","15","07","07","07","07",28,"0","0","0","0","0",,"0","0","2","15","06","05","05","05",21,"0","0","0","0","0",,"0","0","4",,,,,,,,,,,,,,"0","2","15","8","0","0",,,,,,"0","2","15","6","0","0","0","0","0",,"0","0","2","15","6","0","0","0","0","0",,"0","0","3",,,,,,,,,,"9","3",,,,,,,,,,"9","LNP4 is worn severely.  No enamel remains, and the wear is angled mesially-distally at about a 45 degree angle.  See photos."
"T83B","2","15","01","01","01","01",4,"1","0","0","0","0",,"0","0","2","15","03","02","03","03",11,"1","0","0","0","0",,"0","0","2","15","02","02","06","05",15,"0","0","0","0","0",,"0","0","5",,,,,,,,,,"0","2","15","1","0","0","0","0","0",,"0","0","5",,,,,,,,,,"0","5",,,,,,,,,,"0","5",,,,,,,,,,"0",
"T84","1","06",,,,,,,,,,"0",,,"0","2","15","01","01","03","03",8,"0","0","0","0","0",,"1.3","0","2","15","02","01","05","04",12,"0","0","0","0","0",,"0","0","2","15","2","0","0","0","0","0",,"0","0","2","15","2","0","0","0","0","0",,"0","0","2","15","2","0","0","1.1.2.0","0","0",,"0","0","2","15","2","0","0","3.1.1.1","0","0",,"1.1","0","2","15","3","0","0","0","0","0",,"1.2","0",
"T9",,,,,,,0,,,,,,,,,,,,,,,0,,,,,,,,,"1","06",,,,,,,,,,"0",,,"0",,,,,,,,,,,,,,,,,,,,,,,"5",,,,,,,,,,"0","8",,,,,,,,,,"0","8",,,,,,,,,,"0","LNIs are hidden in their crypts."
"US15C","3",,,,,,0,,,,,,,,"9","3",,,,,,0,,,,,,,,"9","3",,,,,,0,,,,,,,,"9","3",,,,,,,,,,"9","3",,,,,,,,,,"9","3",,,,,,,,,,"9","3",,,,,,,,,,"9","3",,,,,,,,,,"9",
"US170","3",,,,,,,,,,,,,,"9","3",,,,,,,,,,,,,,"9","2","15","01","01","02","02",6,"0","0","0","0","0",,"0","9","1","10",,,,,,"0",,,"9","1","10",,,,,,"0",,,"9","1","11",,,,,,"0",,,"9","2","15","1","0","0","0","0","0",,"1.2","9","2","15","1","0","0","0","0","0",,"1.2","9",
"US31A","2","15","02","02","03","03",10,"1","0","0","0","0",,"0","0","7","15",,,,,,"6","0",,,,,,"0","4",,,,,,,,,,,,,,"0","2","15","3","0","0","0","0","0",,"0","0","2","15","3","0","0","0","0","0",,"0","0","2","15","4","0","0","0","0","0",,"1.3","0","2","15","3","0","0","0","0","0",,"1.4","0","2","15","4","0","0","0","0","0",,"2.4","0",
"US31B","3",,,,,,,,,,,,,,"9","2","15","08","06","08","08",30,"0","0","0","0","0",,"0","9","3",,,,,,,,,,,,,,"9","3",,,,,,,,,,"9","3",,,,,,,,,,"9","3",,,,,,,,,,"9","3",,,,,,,,,,"9","5",,,,,,,,,,"0",
"US36A","2","15","04","04","06","06",20,"2","0","0","0","0",,"2.2","0","2","15","05","03","06","06",20,"2","0","2.1.2.0","0","0",,"2.2","0","2","15","05","05","07","05",22,"2","2","0","0","0",,"2.1","0","8","15",,"6","0",,,,,,"0","2","15","6","0","0","0","0","0",,"1.1","0","2","15","5","0","0","3.1.1.1","0","0",,"3.1","0","5",,,,,,,,,,,"3",,,,,,,,,,,"LNM3 possibly in the process of being lost - significant bone reaction and resorption around the roots.  LNP4 destroyed by caries, only roots remain."
"US36B","3",,,,,,0,,,,,,,,,"2","15","01","01","01","01",4,"0","0","0","0","0",,"0","0","2","15","01","01","02","02",6,"0","0","0","0","0",,"0","0","5",,,,,,,,,,,"5",,,,,,,,,,,"1","06",,,,,,"0",,,,"5",,,,,,,,,,,"2","15","3","0","0","3.1.1.2","0","0",,"0","0","Subadult, so no idea if there are M3 buds."
"US36C","2","15","01","01","01","01",4,"0","0","0","0","0",,"0","0","2","15","02","02","03","03",10,"1","0","0","0","0",,"0","0","2","15","02","02","06","05",15,"0","0","0","0","0",,"0","0","6",,,,,,,,,,,"2","15","2","0","0","0","0","0",,"0","0","2","15","1","0","0","0","0","0",,"0","0","2","15","3","0","0","2.1.3.0","0","0",,"0","0","2","15","4","0","0","0","0","0",,"0","0","LNP4 is either missing or unerupted, as this individual has retained dLNM1 into adulthood."
"US36D","3",,,,,,0,,,,,,,,"9","3",,,,,,0,,,,,,,,"9","3",,,,,,0,,,,,,,,"9","3",,,,,,,,,,"9","3",,,,,,,,,,"9","3",,,,,,,,,,"9","3",,,,,,,,,,"9","3",,,,,,,,,,"9",
"US36E","3",,,,,,0,,,,,,,,,"3",,,,,,0,,,,,,,,,"2","15","02","02","04","03",11,"0","0","0","0","0",,"0","0","5",,,,,,,,,,,"2","15","1","0","0","0","0","0",,"0","0","7","15",,,,,,,,,"0","2","15","1","0","0","2.1.1.0","0","0",,"0","0","2","15","3","0","0","3.1.1.1","0","0",,"0","0",
"US505A","2","15","02","01","01","01",5,"0","0","3.1.1.2","0","0",,"0","0","3",,,,,,,,,,,,,,"9","2","15","05","05","05","06",21,"0","0","0","0","0",,"1.2","0","3",,,,,,,,,,"9","3",,,,,,,,,,"9","3",,,,,,,,,,"9","3",,,,,,,,,,"9","3",,,,,,,,,,"9",
"US66C","5",,,,,,0,,,,,,,,"0","2","15","01","01","03","03",8,"0","0","0","0","0",,"0","0","2","15","01","01","05","05",12,"0","0","0","0","0",,"0","0","2","15","1","0","0","0","0","0",,"0","0","5",,,,,,,,,,"0","5",,,,,,,,,,"0","3",,,,,,,,,,"9","3",,,,,,,,,,"9","Possible retention of dLNC into adulthood.  See photos."
"US66D","3",,,,,,0,,,,,,,,"9","3",,,,,,0,,,,,,,,"9","3",,,,,,0,,,,,,,,"9","3",,,,,,,,,,"9","3",,,,,,,,,,"9","3",,,,,,,,,,"9","3",,,,,,,,,,"9","3",,,,,,,,,,"9",
